發生年度,發生月份,發生日期,發生時間,事故類別名稱,處理單位名稱警局層,發生地點,天候名稱,光線名稱,道路類別-第1當事者-名稱,速限-第1當事者,道路型態大類別名稱,道路型態子類別名稱,事故位置大類別名稱,事故位置子類別名稱,路面狀況-路面鋪裝名稱,路面狀況-路面狀態名稱,路面狀況-路面缺陷名稱,道路障礙-障礙物名稱,道路障礙-視距品質名稱,道路障礙-視距名稱,號誌-號誌種類名稱,號誌-號誌動作名稱,車道劃分設施-分向設施大類別名稱,車道劃分設施-分向設施子類別名稱,車道劃分設施-分道設施-快車道或一般車道間名稱,車道劃分設施-分道設施-快慢車道間名稱,車道劃分設施-分道設施-路面邊線名稱,事故類型及型態大類別名稱,事故類型及型態子類別名稱,肇因研判大類別名稱-主要,肇因研判子類別名稱-主要,死亡受傷人數,當事者順位,當事者區分-類別-大類別名稱-車種,當事者區分-類別-子類別名稱-車種,當事者屬-性-別名稱,當事者事故發生時年齡,保護裝備名稱,行動電話或電腦或其他相類功能裝置名稱,當事者行動狀態大類別名稱,當事者行動狀態子類別名稱,車輛撞擊部位大類別名稱-最初,車輛撞擊部位子類別名稱-最初,車輛撞擊部位大類別名稱-其他,車輛撞擊部位子類別名稱-其他,肇因研判大類別名稱-個別,肇因研判子類別名稱-個別,肇事逃逸類別名稱-是否肇逃,經度,緯度
2022,3,20220306,85600,A2,高雄市政府警察局,高雄市三民區建工路 / 高雄市三民區建德路,晴,日間自然光線,市區道路,50,交岔路,三岔路,交叉路口,交叉路口內,柏油,乾燥,無缺陷,無障礙物,良好,良好,行車管制號誌,正常,雙向禁止超車線,無標記,車道線(無標記),未繪設快慢車道分隔線,無,車與車,側撞,駕駛人,未依規定讓車,死亡0;受傷2,1,小客車,自用,女,57,戴安全帽或繫安全帶(使用幼童安全椅),未使用,車的狀態,左轉彎,汽車,前車頭,汽車,前車頭,駕駛人,未依規定讓車,否,120.322442,22.649001
2022,3,20220306,110000,A2,高雄市政府警察局,高雄市三民區九如一路 / 高雄市三民區高速公路東側便道,晴,日間自然光線,市區道路,40,交岔路,多岔路,交叉路口,交叉路口內,柏油,乾燥,無缺陷,無障礙物,良好,良好,行車管制號誌,正常,中央分向島,寛式(50公分以上),車道線(無標記),快慢車道分隔線,無,車與車,追撞,駕駛人,未注意車前狀態,死亡0;受傷2,1,機車,普通重型,男,19,戴安全帽或繫安全帶(使用幼童安全椅),未使用,車的狀態,向前直行中,機車,前車頭,機車,前車頭,駕駛人,未注意車前狀態,否,120.337487,22.637377
2022,3,20220306,134700,A2,高雄市政府警察局,高雄市三民區鐵道一街770號前0.0公尺,晴,日間自然光線,市區道路,30,單路部分,其他,路段,一般車道(未劃分快慢車道),柏油,乾燥,無缺陷,無障礙物,良好,良好,行車管制號誌,正常,中央分向島,寛式(50公分以上),未繪設車道線,未繪設快慢車道分隔線,無,車與車,追撞,駕駛人,未保持行車安全距離,死亡0;受傷3,1,機車,普通重型,男,35,戴安全帽或繫安全帶(使用幼童安全椅),未使用,車的狀態,向前直行中,機車,前車頭,機車,前車頭,駕駛人,未保持行車安全距離,否,120.32356,22.637363
2022,3,20220306,162200,A2,高雄市政府警察局,高雄市三民區建工路 / 高雄市三民區建德路,晴,日間自然光線,市區道路,50,交岔路,四岔路,交叉路口,交叉路口內,柏油,乾燥,無缺陷,無障礙物,良好,良好,行車管制號誌,正常,雙向禁止超車線,無標記,未繪設車道線,未繪設快慢車道分隔線,無,車與車,側撞,駕駛人,未依規定讓車,死亡0;受傷2,1,機車,普通重型,男,23,戴安全帽或繫安全帶(使用幼童安全椅),未使用,車的狀態,左轉彎,機車,左側車身,機車,左側車身,駕駛人,未依規定讓車,否,120.322442,22.649001
2022,3,20220306,163500,A2,高雄市政府警察局,高雄市三民區金鼎路331號前0.0公尺,晴,日間自然光線,市區道路,50,單路部分,直路,路段,快車道,柏油,乾燥,無缺陷,無障礙物,良好,良好,無號誌,無號誌,行車分向線,無標記,未繪設車道線,快慢車道分隔線,無,車與車,其他,其他,不明原因肇事,死亡0;受傷1,1,,,肇事逃逸尚未查獲,111,不明,不明,人的狀態,不明,其他,不明,其他,不明,其他,不明原因肇事,是,120.3201,22.665
2022,3,20220306,191000,A2,高雄市政府警察局,高雄市三民區民族一路157-2號前0.0公尺,晴,夜間(或隧道、地下道、涵洞)有照明,市區道路,40,單路部分,直路,路段,慢車道,柏油,乾燥,無缺陷,無障礙物,良好,良好,無號誌,無號誌,中央分向島,寛式(50公分以上),車道線(無標記),寛式快慢車道分隔島(50公分以上),無,車與車,其他,其他,不明原因肇事,死亡0;受傷1,1,,,肇事逃逸尚未查獲,111,不明,不明,人的狀態,不明,其他,不明,其他,不明,其他,不明原因肇事,是,120.3142,22.64705
2022,3,20220306,193800,A2,高雄市政府警察局,高雄市三民區同盟二路 / 高雄市三民區自立一路,晴,夜間(或隧道、地下道、涵洞)有照明,市區道路,50,交岔路,三岔路,交叉路口,交叉路口內,柏油,乾燥,無缺陷,無障礙物,良好,良好,行車管制號誌,正常,無,無分向設施,未繪設車道線,未繪設快慢車道分隔線,無,車與車,側撞,駕駛人,違反號誌管制或指揮,死亡0;受傷2,1,機車,普通重型,男,75,戴安全帽或繫安全帶(使用幼童安全椅),未使用,車的狀態,起步,機車,前車頭,機車,前車頭,駕駛人,違反號誌管制或指揮,否,120.2968,22.65108
2022,3,20220307,64500,A2,高雄市政府警察局,高雄市三民區村民族巷7弄2號前0.0公尺後,陰,日間自然光線,市區道路,40,單路部分,直路,路段,一般車道(未劃分快慢車道),柏油,乾燥,無缺陷,無障礙物,良好,良好,無號誌,無號誌,雙向禁止超車線,無標記,未繪設車道線,未繪設快慢車道分隔線,無,車與車,對向擦撞,駕駛人,逆向行駛,死亡0;受傷1,1,機車,普通重型,男,53,戴安全帽或繫安全帶(使用幼童安全椅),未使用,車的狀態,向前直行中,機車,左側車身,機車,左側車身,駕駛人,逆向行駛,否,120.3158,22.64674
2022,3,20220307,84400,A2,高雄市政府警察局,高雄市三民區哈爾濱街 / 高雄市三民區泰康街,晴,日間自然光線,市區道路,50,交岔路,四岔路,交叉路口,交叉路口內,柏油,乾燥,無缺陷,無障礙物,良好,良好,無號誌,無號誌,無,無分向設施,未繪設車道線,未繪設快慢車道分隔線,無,車與車,側撞,駕駛人,迴轉未依規定,死亡0;受傷1,1,小客車,自用,女,58,戴安全帽或繫安全帶(使用幼童安全椅),未使用,車的狀態,迴轉或橫越道路中,汽車,右前車頭(身),汽車,右前車頭(身),駕駛人,迴轉未依規定,否,120.299737,22.644948
2022,3,20220307,183100,A2,高雄市政府警察局,高雄市三民區瀋陽街 / 高雄市三民區朝陽街,晴,夜間(或隧道、地下道、涵洞)有照明,市區道路,50,交岔路,四岔路,交叉路口,交叉路口內,柏油,乾燥,無缺陷,無障礙物,良好,良好,無號誌,無號誌,無,無分向設施,未繪設車道線,未繪設快慢車道分隔線,無,車與車,其他,駕駛人,未依規定讓車,死亡0;受傷1,1,小貨車(含客、貨兩用),自用,男,52,戴安全帽或繫安全帶(使用幼童安全椅),未使用,車的狀態,向前直行中,汽車,左側車身,汽車,左側車身,駕駛人,未依規定讓車,否,120.307381,22.643028
2022,3,20220307,200000,A2,高雄市政府警察局,高雄市三民區九如一路885號前0.0公尺,晴,夜間(或隧道、地下道、涵洞)有照明,市區道路,50,單路部分,直路,路段,一般車道(未劃分快慢車道),柏油,乾燥,無缺陷,無障礙物,良好,良好,無號誌,無號誌,中央分向島,寛式(50公分以上),車道線(無標記),未繪設快慢車道分隔線,有,車與車,其他,駕駛人,未注意車前狀態,死亡0;受傷1,1,小客車,計程車,男,57,戴安全帽或繫安全帶(使用幼童安全椅),未使用,車的狀態,其他,其他,不明,其他,不明,駕駛人,未注意車前狀態,否,120.317082,22.640015
2022,3,20220307,204900,A2,高雄市政府警察局,高雄市三民區大豐二路 / 高雄市三民區正忠路,晴,夜間(或隧道、地下道、涵洞)有照明,市區道路,50,交岔路,四岔路,交叉路口,交叉路口內,柏油,乾燥,無缺陷,無障礙物,良好,良好,行車管制號誌,正常,雙向禁止超車線,無標記,未繪設車道線,快慢車道分隔線,無,車與車,同向擦撞,駕駛人,未保持行車安全間隔,死亡0;受傷1,1,機車,普通重型,男,66,戴安全帽或繫安全帶(使用幼童安全椅),未使用,車的狀態,向前直行中,機車,右側車身,機車,右側車身,駕駛人,未保持行車安全間隔,否,120.330126,22.645734
2022,3,20220308,10000,A2,高雄市政府警察局,高雄市三民區十全一路 / 高雄市三民區自由一路,晴,夜間(或隧道、地下道、涵洞)有照明,市區道路,50,交岔路,四岔路,交叉路口,交叉路口內,柏油,乾燥,無缺陷,無障礙物,良好,良好,行車管制號誌(附設行人專用號誌),正常,雙向禁止超車線,無標記,車道線(無標記),未繪設快慢車道分隔線,無,人與汽(機)車,其他,駕駛人,搶越行人穿越道,死亡0;受傷1,1,機車,普通重型,男,65,戴安全帽或繫安全帶(使用幼童安全椅),未使用,車的狀態,右轉彎,機車,左側車身,機車,左側車身,駕駛人,搶越行人穿越道,否,120.3089,22.64483
2022,3,20220308,43500,A2,高雄市政府警察局,高雄市三民區陽明路 / 高雄市三民區義華路,晴,夜間(或隧道、地下道、涵洞)有照明,市區道路,40,交岔路,四岔路,交叉路口,交叉路口內,柏油,乾燥,無缺陷,無障礙物,良好,良好,行車管制號誌,正常,無,無分向設施,未繪設車道線,未繪設快慢車道分隔線,無,車與車,路口交岔撞,駕駛人,違反號誌管制或指揮,死亡0;受傷1,1,機車,普通輕型,女,78,戴安全帽或繫安全帶(使用幼童安全椅),未使用,車的狀態,向前直行中,機車,前車頭,機車,前車頭,駕駛人,違反號誌管制或指揮,否,120.342042,22.642581
2022,3,20220308,53500,A2,高雄市政府警察局,高雄市三民區金山路 / 高雄市三民區金鼎路,晴,夜間(或隧道、地下道、涵洞)有照明,市區道路,50,交岔路,四岔路,交叉路口,交叉路口內,柏油,乾燥,無缺陷,無障礙物,良好,良好,行車管制號誌,正常,雙向禁止超車線,無標記,未繪設車道線,快慢車道分隔線,有,車與車,側撞,駕駛人,違反號誌管制或指揮,死亡0;受傷2,1,慢車,腳踏自行車,女,84,其他(無需使用保護裝備之人),未使用,車的狀態,左轉彎,其他,非汽(機)車,其他,非汽(機)車,駕駛人,違反號誌管制或指揮,否,120.326289,22.663595
2022,3,20220308,82600,A2,高雄市政府警察局,高雄市三民區建工路830號前0.0公尺,晴,日間自然光線,市區道路,50,單路部分,直路,路段,快車道,柏油,乾燥,無缺陷,無障礙物,良好,良好,無號誌,無號誌,行車分向線,無標記,車道線(無標記),快慢車道分隔線,無,人與汽(機)車,穿越道路中,行人(或乘客),未依規定行走行人穿越道、地下道、天橋而穿越道路,死亡0;受傷2,1,人,行人,女,72,戴安全帽或繫安全帶(使用幼童安全椅),未使用,人的狀態,步行,其他,非汽(機)車,其他,非汽(機)車,行人(或乘客),未依規定行走行人穿越道、地下道、天橋而穿越道路,否,120.317613,22.648106
2022,3,20220308,84100,A2,高雄市政府警察局,高雄市三民區九如一路 / 高雄市三民區大順二路,晴,日間自然光線,市區道路,50,交岔路,多岔路,交叉路口,交叉路口內,柏油,乾燥,無缺陷,無障礙物,良好,良好,行車管制號誌,正常,雙向禁止超車線,無標記,車道線(無標記),未繪設快慢車道分隔線,無,車與車,同向擦撞,駕駛人,未保持行車安全間隔,死亡0;受傷1,1,機車,普通重型,女,60,戴安全帽或繫安全帶(使用幼童安全椅),未使用,車的狀態,向左變換車道,機車,左側車身,機車,左側車身,駕駛人,未保持行車安全間隔,否,120.328031,22.63907
2022,3,20220308,84300,A2,高雄市政府警察局,高雄市三民區村九如二路前0.0公尺,晴,日間自然光線,市區道路,30,單路部分,彎曲路及附近,路段,快車道,柏油,乾燥,無缺陷,無障礙物,良好,良好,無號誌,無號誌,雙向禁止超車線,無標記,車道線(無標記),快慢車道分隔線,無,車與車,其他,駕駛人,未注意車前狀態,死亡0;受傷1,1,小客車,計程車,男,49,戴安全帽或繫安全帶(使用幼童安全椅),未使用,車的狀態,向前直行中,其他,不明,其他,不明,駕駛人,未注意車前狀態,否,120.302508,22.641245
2022,3,20220308,110300,A2,高雄市政府警察局,高雄市三民區博愛一路 / 高雄市三民區十全二路,晴,日間自然光線,市區道路,50,交岔路,四岔路,交叉路口,交叉路口內,柏油,乾燥,無缺陷,無障礙物,良好,良好,行車管制號誌,正常,無,無分向設施,未繪設車道線,未繪設快慢車道分隔線,無,車與車,側撞,駕駛人,違反號誌管制或指揮,死亡0;受傷1,1,小貨車(含客、貨兩用),自用,男,51,戴安全帽或繫安全帶(使用幼童安全椅),未使用,車的狀態,右轉彎,汽車,右前車頭(身),汽車,右前車頭(身),駕駛人,違反號誌管制或指揮,否,120.303151,22.645468
2022,3,20220308,131300,A2,高雄市政府警察局,高雄市三民區建國一路 / 高雄市三民區民族一路,晴,日間自然光線,市區道路,50,交岔路,多岔路,交叉路口,交叉路口內,柏油,乾燥,無缺陷,無障礙物,良好,良好,行車管制號誌,正常,單向禁止超車線,無標記,車道線(無標記),未繪設快慢車道分隔線,無,車與車,同向擦撞,駕駛人,左轉彎未依規定,死亡0;受傷1,1,機車,普通重型,男,20,戴安全帽或繫安全帶(使用幼童安全椅),未使用,車的狀態,左轉彎,機車,左側車身,機車,左側車身,駕駛人,左轉彎未依規定,否,120.323559,22.633032
2022,3,20220308,162500,A2,高雄市政府警察局,高雄市三民區明誠一路 / 高雄市三民區大裕路,晴,日間自然光線,市區道路,50,交岔路,四岔路,交叉路口,交叉路口內,柏油,乾燥,無缺陷,無障礙物,良好,良好,行車管制號誌,正常,無,無分向設施,未繪設車道線,未繪設快慢車道分隔線,無,車與車,其他,駕駛人,未依規定讓車,死亡0;受傷1,1,小客車,自用,男,33,戴安全帽或繫安全帶(使用幼童安全椅),未使用,車的狀態,左轉彎,汽車,左後車尾(身),汽車,左後車尾(身),駕駛人,未依規定讓車,否,120.328733,22.659814
2022,3,20220308,171000,A2,高雄市政府警察局,高雄市三民區大順一路 / 高雄市三民區民族一路,晴,日間自然光線,市區道路,50,交岔路,四岔路,交叉路口,交叉路口內,柏油,乾燥,無缺陷,無障礙物,良好,良好,行車管制號誌,正常,中央分向島,寛式(50公分以上),禁止變換車道線(無標記),快慢車道分隔線,無,車與車,側撞,駕駛人,未依規定讓車,死亡0;受傷2,1,小客車,自用,男,71,戴安全帽或繫安全帶(使用幼童安全椅),未使用,車的狀態,右轉彎,汽車,右前車頭(身),汽車,右前車頭(身),駕駛人,未依規定讓車,否,120.315298,22.655454
2022,3,20220308,172000,A2,高雄市政府警察局,高雄市三民區吉林街 / 高雄市三民區瀋陽街,晴,日間自然光線,市區道路,50,交岔路,四岔路,交叉路口,交叉路口內,柏油,乾燥,無缺陷,無障礙物,良好,良好,無號誌,無號誌,雙向禁止超車線,無標記,未繪設車道線,快慢車道分隔線,無,車與車,其他,駕駛人,未注意車前狀態,死亡0;受傷1,1,機車,普通重型,男,24,戴安全帽或繫安全帶(使用幼童安全椅),未使用,車的狀態,向前直行中,機車,右側車身,機車,右側車身,駕駛人,未注意車前狀態,否,120.3064,22.64351
2022,3,20220308,181000,A2,高雄市政府警察局,高雄市三民區村吉林街162號前0.0公尺前,晴,夜間(或隧道、地下道、涵洞)有照明,市區道路,50,單路部分,直路,路段,快車道,柏油,乾燥,無缺陷,無障礙物,良好,良好,無號誌,無號誌,雙向禁止超車線,無標記,未繪設車道線,快慢車道分隔線,無,車與車,側撞,駕駛人,迴轉未依規定,死亡0;受傷2,1,機車,普通重型,男,51,戴安全帽或繫安全帶(使用幼童安全椅),未使用,車的狀態,迴轉或橫越道路中,其他,不明,其他,不明,駕駛人,迴轉未依規定,否,120.3067,22.645
2022,3,20220308,201400,A2,高雄市政府警察局,高雄市三民區村鼎山街418號前0.0公尺,晴,夜間(或隧道、地下道、涵洞)有照明,市區道路,50,單路部分,直路,路段,一般車道(未劃分快慢車道),柏油,乾燥,無缺陷,無障礙物,良好,良好,閃光號誌,正常,無,無分向設施,未繪設車道線,未繪設快慢車道分隔線,無,車與車,側撞,駕駛人,迴轉未依規定,死亡0;受傷2,1,小客車,計程車,男,45,戴安全帽或繫安全帶(使用幼童安全椅),未使用,車的狀態,迴轉或橫越道路中,汽車,左後車尾(身),汽車,左後車尾(身),駕駛人,迴轉未依規定,否,120.320138,22.65566
2022,3,20220308,235200,A2,高雄市政府警察局,高雄市三民區中華二路 / 高雄市三民區鐵道三街,晴,夜間(或隧道、地下道、涵洞)有照明,市區道路,40,交岔路,多岔路,交叉路口,交叉路口內,柏油,乾燥,無缺陷,無障礙物,良好,良好,行車管制號誌,正常,無,無分向設施,未繪設車道線,未繪設快慢車道分隔線,無,汽(機)車本身,路上翻車、摔倒,駕駛人,未注意車前狀態,死亡0;受傷1,1,機車,普通重型,女,54,戴安全帽或繫安全帶(使用幼童安全椅),未使用,車的狀態,向前直行中,機車,前車頭,機車,前車頭,駕駛人,未注意車前狀態,否,120.291891,22.644282
2022,3,20220309,63600,A2,高雄市政府警察局,高雄市三民區村十全一路 / 高雄市三民區大連街,晴,日間自然光線,市區道路,40,交岔路,三岔路,交叉路口,交叉路口內,柏油,乾燥,無缺陷,無障礙物,良好,良好,行車管制號誌,正常,無,無分向設施,未繪設車道線,未繪設快慢車道分隔線,無,車與車,其他,其他,違規停車或暫停不當而肇事,死亡0;受傷2,1,機車,普通重型,男,43,戴安全帽或繫安全帶(使用幼童安全椅),未使用,車的狀態,等待(引擎未熄火),其他,不明,其他,不明,其他,違規停車或暫停不當而肇事,否,120.305229,22.645298
2022,3,20220309,65500,A2,高雄市政府警察局,高雄市三民區博愛一路 / 高雄市三民區北平一街,晴,日間自然光線,市區道路,40,交岔路,四岔路,交叉路口,交叉路口內,柏油,乾燥,無缺陷,無障礙物,良好,良好,行車管制號誌,正常,無,無分向設施,未繪設車道線,未繪設快慢車道分隔線,無,車與車,同向擦撞,駕駛人,逆向行駛,死亡0;受傷1,1,慢車,腳踏自行車,女,72,不明,非駕駛人,車的狀態,向前直行中,其他,非汽(機)車,其他,非汽(機)車,駕駛人,逆向行駛,否,120.303618,22.650127
2022,3,20220309,75400,A2,高雄市政府警察局,高雄市三民區同盟一路 / 高雄市三民區吉林街,晴,日間自然光線,市區道路,40,交岔路,三岔路,交叉路口,交叉路口內,柏油,乾燥,無缺陷,無障礙物,良好,良好,行車管制號誌,正常,無,無分向設施,未繪設車道線,未繪設快慢車道分隔線,無,車與車,同向擦撞,駕駛人,未保持行車安全間隔,死亡0;受傷1,1,機車,普通重型,女,24,戴安全帽或繫安全帶(使用幼童安全椅),未使用,車的狀態,向前直行中,機車,左側車身,機車,左側車身,駕駛人,未保持行車安全間隔,否,120.306924,22.651366
2022,3,20220309,81900,A2,高雄市政府警察局,高雄市三民區灣中街 / 高雄市三民區鼎山街,陰,日間自然光線,市區道路,30,交岔路,三岔路,交叉路口,交叉口附近,柏油,油滑,無缺陷,無障礙物,良好,良好,無號誌,無號誌,雙向禁止超車線,無標記,車道線(無標記),未繪設快慢車道分隔線,無,車與車,側撞,駕駛人,左轉彎未依規定,死亡0;受傷2,1,機車,普通重型,女,29,戴安全帽或繫安全帶(使用幼童安全椅),未使用,車的狀態,左轉彎,機車,左側車身,機車,左側車身,駕駛人,左轉彎未依規定,否,120.317975,22.64974
2022,3,20220309,83800,A2,高雄市政府警察局,高雄市三民區鼎力陸橋 / 高雄市三民區鼎力一巷,晴,日間自然光線,市區道路,50,交岔路,多岔路,交叉路口,交叉口附近,柏油,乾燥,無缺陷,無障礙物,良好,良好,行車管制號誌,正常,行車分向線,無標記,車道線(無標記),快慢車道分隔線,有,車與車,其他,駕駛人,違反號誌管制或指揮,死亡0;受傷1,1,小客車,自用,男,36,戴安全帽或繫安全帶(使用幼童安全椅),未使用,車的狀態,左轉彎,其他,不明,其他,不明,駕駛人,違反號誌管制或指揮,否,120.330271,22.669003
2022,3,20220309,94500,A2,高雄市政府警察局,高雄市三民區建工路 / 高雄市三民區建元路,晴,日間自然光線,市區道路,40,交岔路,三岔路,交叉路口,交叉口附近,柏油,乾燥,無缺陷,無障礙物,良好,良好,行車管制號誌,正常,雙向禁止超車線,無標記,車道線(無標記),快慢車道分隔線,無,車與車,側撞,駕駛人,違反號誌管制或指揮,死亡0;受傷2,1,機車,普通重型,男,57,戴安全帽或繫安全帶(使用幼童安全椅),未使用,車的狀態,向前直行中,機車,前車頭,機車,前車頭,駕駛人,違反號誌管制或指揮,否,120.3177,22.64818
2022,3,20220309,105400,A2,高雄市政府警察局,高雄市三民區中庸街 / 高雄市三民區力行路,晴,日間自然光線,市區道路,40,交岔路,四岔路,交叉路口,交叉口附近,柏油,乾燥,無缺陷,無障礙物,良好,良好,行車管制號誌,正常,雙向禁止超車線,無標記,未繪設車道線,快慢車道分隔線,無,車與車,側撞,駕駛人,違反號誌管制或指揮,死亡0;受傷1,1,機車,普通重型,男,86,戴安全帽或繫安全帶(使用幼童安全椅),未使用,車的狀態,右轉彎,機車,左側車身,機車,左側車身,駕駛人,違反號誌管制或指揮,否,120.288207,22.638567
2022,3,20220309,153800,A2,高雄市政府警察局,高雄市三民區大順二路 / 高雄市三民區鼎山街,晴,日間自然光線,市區道路,50,交岔路,四岔路,交叉路口,交叉路口內,柏油,乾燥,無缺陷,無障礙物,良好,良好,行車管制號誌,正常,中央分向島,寛式(50公分以上),車道線(無標記),快慢車道分隔線,無,車與車,同向擦撞,駕駛人,未保持行車安全間隔,死亡0;受傷1,1,機車,普通重型,女,21,戴安全帽或繫安全帶(使用幼童安全椅),未使用,車的狀態,超車(含超越),機車,左側車身,機車,左側車身,駕駛人,未保持行車安全間隔,否,120.318859,22.653515
2022,3,20220309,164000,A2,高雄市政府警察局,高雄市三民區民族一路186-1號前0.0公尺,晴,日間自然光線,市區道路,40,單路部分,直路,路段,慢車道,柏油,乾燥,無缺陷,無障礙物,良好,良好,無號誌,無號誌,中央分向島,寛式(50公分以上),車道線(無標記),寛式快慢車道分隔島(50公分以上),無,車與車,同向擦撞,駕駛人,未保持行車安全間隔,死亡0;受傷2,1,機車,普通重型,男,61,戴安全帽或繫安全帶(使用幼童安全椅),未使用,車的狀態,向前直行中,機車,左側車身,機車,左側車身,駕駛人,未保持行車安全間隔,否,120.314867,22.647576
2022,3,20220309,171500,A2,高雄市政府警察局,高雄市三民區大昌二路352號前0.0公尺,晴,日間自然光線,市區道路,40,單路部分,直路,路段,快車道,柏油,乾燥,無缺陷,無障礙物,良好,良好,無號誌,無號誌,行車分向線,無標記,車道線(無標記),快慢車道分隔線,無,車與車,其他,駕駛人,未注意車前狀態,死亡0;受傷3,1,機車,普通重型,女,55,戴安全帽或繫安全帶(使用幼童安全椅),未使用,車的狀態,向前直行中,其他,不明,其他,不明,駕駛人,未注意車前狀態,否,120.331898,22.64801
2022,3,20220309,171700,A2,高雄市政府警察局,高雄市三民區澄和路 / 高雄市三民區應安街,晴,日間自然光線,市區道路,40,交岔路,三岔路,交叉路口,交叉路口內,柏油,乾燥,無缺陷,無障礙物,良好,良好,行車管制號誌,正常,雙向禁止超車線,無標記,未繪設車道線,快慢車道分隔線,無,車與車,同向擦撞,駕駛人,變換車道或方向不當,死亡0;受傷3,1,慢車,腳踏自行車,男,14,其他(無需使用保護裝備之人),非駕駛人,車的狀態,向右變換車道,其他,非汽(機)車,其他,非汽(機)車,駕駛人,變換車道或方向不當,否,120.343527,22.644935
2022,3,20220309,174300,A2,高雄市政府警察局,高雄市三民區合江街 / 高雄市三民區歸綏街,晴,日間自然光線,市區道路,40,交岔路,四岔路,交叉路口,交叉路口內,柏油,乾燥,無缺陷,無障礙物,良好,良好,無號誌,無號誌,無,無分向設施,未繪設車道線,未繪設快慢車道分隔線,無,車與車,路口交岔撞,駕駛人,未依規定讓車,死亡0;受傷2,1,機車,普通重型,男,27,戴安全帽或繫安全帶(使用幼童安全椅),未使用,車的狀態,向前直行中,機車,前車頭,機車,前車頭,駕駛人,未依規定讓車,否,120.307879,22.649213
2022,3,20220310,73300,A2,高雄市政府警察局,高雄市三民區大昌二路28號前0.0公尺,晴,日間自然光線,市區道路,40,單路部分,直路,路段,慢車道,柏油,乾燥,無缺陷,無障礙物,良好,良好,無號誌,無號誌,雙向禁止超車線,無標記,未繪設車道線,快慢車道分隔線,無,車與車,其他,駕駛人,未注意車前狀態,死亡0;受傷4,1,機車,普通重型,女,43,戴安全帽或繫安全帶(使用幼童安全椅),未使用,車的狀態,向前直行中,機車,後車尾,機車,後車尾,駕駛人,未注意車前狀態,否,120.332219,22.641142
2022,3,20220310,83000,A2,高雄市政府警察局,高雄市三民區大順三路 / 高雄市三民區大順三路,晴,日間自然光線,市區道路,50,交岔路,四岔路,交叉路口,交叉路口內,柏油,乾燥,無缺陷,無障礙物,良好,良好,行車管制號誌,正常,無,無分向設施,未繪設車道線,未繪設快慢車道分隔線,無,車與車,其他,駕駛人,未注意車前狀態,死亡0;受傷2,1,機車,普通重型,男,26,戴安全帽或繫安全帶(使用幼童安全椅),未使用,車的狀態,向前直行中,機車,前車頭,機車,前車頭,駕駛人,未注意車前狀態,否,120.3272,22.63719
2022,3,20220310,83000,A2,高雄市政府警察局,高雄市三民區鼎力路 / 高雄市三民區金山路,晴,日間自然光線,市區道路,50,交岔路,四岔路,交叉路口,交叉路口內,柏油,乾燥,無缺陷,無障礙物,良好,良好,行車管制號誌,正常,雙向禁止超車線,無標記,車道線(無標記),快慢車道分隔線,有,車與車,側撞,駕駛人,右轉彎未依規定,死亡0;受傷1,1,小客車,自用,男,59,戴安全帽或繫安全帶(使用幼童安全椅),未使用,車的狀態,右轉彎,汽車,右後車尾(身),汽車,右後車尾(身),駕駛人,右轉彎未依規定,否,120.321818,22.661878
2022,3,20220310,83200,A2,高雄市政府警察局,高雄市三民區村九如二路175號前0.0公尺,晴,日間自然光線,市區道路,40,單路部分,直路,路段,慢車道,柏油,乾燥,無缺陷,無障礙物,良好,良好,無號誌,無號誌,中央分向島,窄式無柵欄,車道線(無標記),快慢車道分隔線,無,車與車,同向擦撞,駕駛人,變換車道或方向不當,死亡0;受傷1,1,機車,普通重型,女,75,戴安全帽或繫安全帶(使用幼童安全椅),未使用,車的狀態,向左變換車道,機車,左側車身,機車,左側車身,駕駛人,變換車道或方向不當,否,120.308736,22.640655
2022,3,20220310,83800,A2,高雄市政府警察局,高雄市三民區澄清路 / 高雄市三民區義華路,晴,日間自然光線,市區道路,50,交岔路,四岔路,交叉路口,交叉路口內,柏油,乾燥,無缺陷,無障礙物,良好,良好,行車管制號誌,正常,雙向禁止超車線,無標記,未繪設車道線,快慢車道分隔線,無,車與車,側撞,駕駛人,未依規定讓車,死亡0;受傷2,1,小客車,自用,女,58,戴安全帽或繫安全帶(使用幼童安全椅),未使用,車的狀態,左轉彎,汽車,右後車尾(身),汽車,右後車尾(身),駕駛人,未依規定讓車,否,120.343223,22.642475
2022,3,20220310,90900,A2,高雄市政府警察局,高雄市三民區同盟一路 / 高雄市三民區孝順街,晴,日間自然光線,市區道路,50,交岔路,多岔路,交叉路口,交叉口附近,柏油,乾燥,無缺陷,無障礙物,良好,良好,行車管制號誌,正常,無,無分向設施,未繪設車道線,未繪設快慢車道分隔線,無,車與車,其他,駕駛人,未保持行車安全間隔,死亡0;受傷1,1,小客車,自用,男,52,戴安全帽或繫安全帶(使用幼童安全椅),未使用,車的狀態,向前直行中,汽車,右側車身,汽車,右側車身,駕駛人,未保持行車安全間隔,否,120.313092,22.647067