發生年度,發生月份,發生日期,發生時間,事故類別名稱,處理單位名稱警局層,發生地點,天候名稱,光線名稱,道路類別-第1當事者-名稱,速限-第1當事者,道路型態大類別名稱,道路型態子類別名稱,事故位置大類別名稱,事故位置子類別名稱,路面狀況-路面鋪裝名稱,路面狀況-路面狀態名稱,路面狀況-路面缺陷名稱,道路障礙-障礙物名稱,道路障礙-視距品質名稱,道路障礙-視距名稱,號誌-號誌種類名稱,號誌-號誌動作名稱,車道劃分設施-分向設施大類別名稱,車道劃分設施-分向設施子類別名稱,車道劃分設施-分道設施-快車道或一般車道間名稱,車道劃分設施-分道設施-快慢車道間名稱,車道劃分設施-分道設施-路面邊線名稱,事故類型及型態大類別名稱,事故類型及型態子類別名稱,肇因研判大類別名稱-主要,肇因研判子類別名稱-主要,死亡受傷人數,當事者順位,當事者區分-類別-大類別名稱-車種,當事者區分-類別-子類別名稱-車種,當事者屬-性-別名稱,當事者事故發生時年齡,保護裝備名稱,行動電話或電腦或其他相類功能裝置名稱,當事者行動狀態大類別名稱,當事者行動狀態子類別名稱,車輛撞擊部位大類別名稱-最初,車輛撞擊部位子類別名稱-最初,車輛撞擊部位大類別名稱-其他,車輛撞擊部位子類別名稱-其他,肇因研判大類別名稱-個別,肇因研判子類別名稱-個別,肇事逃逸類別名稱-是否肇逃,經度,緯度
2022,3,20220310,121500,A2,高雄市政府警察局,高雄市三民區村晉元街 / 高雄市三民區孝順街,晴,日間自然光線,市區道路,40,交岔路,四岔路,交叉路口,交叉路口內,柏油,乾燥,無缺陷,無障礙物,良好,良好,閃光號誌,正常,無,無分向設施,未繪設車道線,未繪設快慢車道分隔線,無,車與車,路口交岔撞,駕駛人,未依規定讓車,死亡0;受傷2,1,機車,普通重型,男,28,戴安全帽或繫安全帶(使用幼童安全椅),未使用,車的狀態,向前直行中,機車,左側車身,機車,左側車身,駕駛人,未依規定讓車,否,120.3129,22.64579
2022,3,20220310,123500,A2,高雄市政府警察局,高雄市三民區更新街83號前0.0公尺前,晴,日間自然光線,市區道路,40,單路部分,直路,路段,一般車道(未劃分快慢車道),柏油,乾燥,無缺陷,路上有停車,不良,路上停放車輛,無號誌,無號誌,無,無分向設施,未繪設車道線,未繪設快慢車道分隔線,無,車與車,同向擦撞,駕駛人,未注意車前狀態,死亡0;受傷2,1,小客車,計程車,男,58,戴安全帽或繫安全帶(使用幼童安全椅),未使用,車的狀態,向前直行中,汽車,右側車身,汽車,右側車身,駕駛人,未注意車前狀態,否,120.293468,22.640993
2022,3,20220310,144300,A2,高雄市政府警察局,高雄市三民區天祥一路 / 高雄市三民區天祥一路,晴,日間自然光線,市區道路,30,交岔路,四岔路,交叉路口,交叉路口內,柏油,乾燥,無缺陷,無障礙物,不良,其他,無號誌,無號誌,雙向禁止超車線,無標記,車道線(無標記),快慢車道分隔線,無,車與車,路口交岔撞,駕駛人,違反特定標誌(線)禁制,死亡0;受傷1,1,機車,普通重型,女,21,戴安全帽或繫安全帶(使用幼童安全椅),未使用,車的狀態,向前直行中,機車,左側車身,機車,左側車身,駕駛人,違反特定標誌(線)禁制,否,120.319254,22.667586
2022,3,20220310,153600,A2,高雄市政府警察局,高雄市三民區大中一路 / 高雄市三民區鼎中路,晴,日間自然光線,市區道路,40,交岔路,三岔路,交叉路口,交叉口附近,柏油,乾燥,無缺陷,無障礙物,良好,良好,無號誌,無號誌,中央分向島,寛式(50公分以上),車道線(無標記),寛式快慢車道分隔島(50公分以上),無,汽(機)車本身,路上翻車、摔倒,駕駛人,未注意車前狀態,死亡0;受傷1,1,機車,普通重型,女,21,戴安全帽或繫安全帶(使用幼童安全椅),未使用,車的狀態,向前直行中,其他,不明,其他,不明,駕駛人,未注意車前狀態,否,120.323141,22.676549
2022,3,20220310,161300,A2,高雄市政府警察局,高雄市三民區村裕誠路100號前0.0公尺,晴,日間自然光線,市區道路,50,單路部分,直路,路段,慢車道,柏油,乾燥,無缺陷,無障礙物,良好,良好,無號誌,無號誌,行車分向線,無標記,未繪設車道線,快慢車道分隔線,無,車與車,其他,駕駛人,變換車道或方向不當,死亡0;受傷1,1,小客車,自用,女,45,戴安全帽或繫安全帶(使用幼童安全椅),未使用,車的狀態,向右變換車道,其他,不明,其他,不明,駕駛人,變換車道或方向不當,否,120.313135,22.663991
2022,3,20220310,163800,A2,高雄市政府警察局,高雄市三民區陽明路 / 高雄市三民區澄明街,晴,日間自然光線,市區道路,50,交岔路,四岔路,交叉路口,交叉路口內,柏油,乾燥,無缺陷,無障礙物,良好,良好,無號誌,無號誌,雙向禁止超車線,無標記,未繪設車道線,未繪設快慢車道分隔線,無,車與車,側撞,駕駛人,未依規定讓車,死亡0;受傷1,1,小客車,自用,女,49,戴安全帽或繫安全帶(使用幼童安全椅),未使用,車的狀態,向前直行中,汽車,左側車身,汽車,左側車身,駕駛人,未依規定讓車,否,120.343103,22.648006
2022,3,20220310,164000,A2,高雄市政府警察局,高雄市三民區建工路 / 高雄市三民區建工路,晴,日間自然光線,市區道路,0,交岔路,四岔路,交叉路口,交叉口附近,柏油,乾燥,無缺陷,無障礙物,良好,良好,行車管制號誌,正常,雙向禁止超車線,無標記,車道線(無標記),快慢車道分隔線,無,車與車,側撞,駕駛人,起步未注意其他車(人)安全,死亡0;受傷1,1,機車,普通重型,男,31,戴安全帽或繫安全帶(使用幼童安全椅),未使用,車的狀態,起步,機車,左側車身,機車,左側車身,駕駛人,起步未注意其他車(人)安全,否,120.3303,22.65288
2022,3,20220310,180500,A2,高雄市政府警察局,高雄市三民區村大昌一路 / 高雄市三民區鼎中路,晴,晨或暮光,市區道路,50,交岔路,三岔路,交叉路口,交叉路口內,柏油,乾燥,無缺陷,無障礙物,良好,良好,行車管制號誌,正常,無,無分向設施,未繪設車道線,未繪設快慢車道分隔線,無,車與車,追撞,駕駛人,未注意車前狀態,死亡0;受傷1,1,機車,普通重型,男,51,戴安全帽或繫安全帶(使用幼童安全椅),未使用,車的狀態,向前直行中,機車,前車頭,機車,前車頭,駕駛人,未注意車前狀態,否,120.318665,22.658401
2022,3,20220310,182000,A2,高雄市政府警察局,高雄市三民區鼎力路341號前0.0公尺,晴,晨或暮光,市區道路,50,單路部分,直路,路段,快車道,柏油,乾燥,無缺陷,無障礙物,良好,良好,無號誌,無號誌,無,無分向設施,未繪設車道線,快慢車道分隔線,無,車與車,追撞,駕駛人,未保持行車安全距離,死亡0;受傷2,1,機車,普通重型,女,21,戴安全帽或繫安全帶(使用幼童安全椅),未使用,車的狀態,向前直行中,機車,前車頭,機車,左側車身,駕駛人,未保持行車安全距離,否,120.324662,22.669328
2022,3,20220310,182500,A2,高雄市政府警察局,高雄市三民區鼎昌街88號前0.0公尺,晴,夜間(或隧道、地下道、涵洞)有照明,市區道路,30,單路部分,直路,路段,一般車道(未劃分快慢車道),柏油,乾燥,無缺陷,無障礙物,良好,良好,無號誌,無號誌,無,無分向設施,未繪設車道線,未繪設快慢車道分隔線,有,汽(機)車本身,撞動物,駕駛人,未注意車前狀態,死亡0;受傷1,1,機車,普通重型,女,50,戴安全帽或繫安全帶(使用幼童安全椅),未使用,車的狀態,向前直行中,機車,前車頭,機車,前車頭,駕駛人,未注意車前狀態,否,120.3224,22.66629
2022,3,20220310,194800,A2,高雄市政府警察局,高雄市三民區明誠一路 / 高雄市三民區鼎中路,晴,夜間(或隧道、地下道、涵洞)有照明,市區道路,50,交岔路,四岔路,交叉路口,交叉路口內,柏油,乾燥,無缺陷,無障礙物,良好,良好,行車管制號誌,正常,無,無分向設施,未繪設車道線,未繪設快慢車道分隔線,無,車與車,側撞,駕駛人,未依規定讓車,死亡0;受傷1,1,小客車,自用,男,47,戴安全帽或繫安全帶(使用幼童安全椅),未使用,車的狀態,左轉彎,汽車,右後車尾(身),汽車,右後車尾(身),駕駛人,未依規定讓車,否,120.319106,22.659996
2022,3,20220310,203900,A2,高雄市政府警察局,高雄市三民區大豐一路 / 高雄市三民區大興街,晴,夜間(或隧道、地下道、涵洞)有照明,市區道路,30,交岔路,四岔路,交叉路口,交叉路口內,柏油,乾燥,無缺陷,無障礙物,良好,良好,無號誌,無號誌,無,無分向設施,未繪設車道線,未繪設快慢車道分隔線,無,車與車,路口交岔撞,駕駛人,未依規定讓車,死亡0;受傷2,1,機車,普通重型,男,25,戴安全帽或繫安全帶(使用幼童安全椅),未使用,車的狀態,向前直行中,機車,前車頭,機車,前車頭,駕駛人,未依規定讓車,否,120.329623,22.655509
2022,3,20220310,213000,A2,高雄市政府警察局,高雄市三民區覺民路 / 高雄市三民區民祥街,晴,夜間(或隧道、地下道、涵洞)有照明,市區道路,50,交岔路,三岔路,交叉路口,交叉路口內,柏油,乾燥,無缺陷,無障礙物,良好,良好,無號誌,無號誌,無,無分向設施,未繪設車道線,未繪設快慢車道分隔線,無,車與車,側撞,駕駛人,迴轉未依規定,死亡0;受傷1,1,小客車,自用,男,43,戴安全帽或繫安全帶(使用幼童安全椅),未使用,車的狀態,迴轉或橫越道路中,汽車,前車頭,汽車,前車頭,駕駛人,迴轉未依規定,否,120.344354,22.638666
2022,3,20220310,215000,A2,高雄市政府警察局,高雄市三民區大順一路23號前0.0公尺,晴,夜間(或隧道、地下道、涵洞)有照明,市區道路,50,單路部分,直路,路段,快車道,柏油,乾燥,無缺陷,無障礙物,良好,良好,無號誌,無號誌,中央分向島,寛式(50公分以上),車道線(無標記),快慢車道分隔線,有,車與車,追撞,駕駛人,未注意車前狀態,死亡0;受傷1,1,機車,普通重型,男,30,戴安全帽或繫安全帶(使用幼童安全椅),未使用,車的狀態,向前直行中,機車,前車頭,機車,前車頭,駕駛人,未注意車前狀態,否,120.313719,22.655665
2022,3,20220311,81400,A2,高雄市政府警察局,高雄市三民區澄清路 / 高雄市三民區義華路,晴,日間自然光線,市區道路,40,交岔路,四岔路,交叉路口,交叉路口內,柏油,乾燥,無缺陷,無障礙物,良好,良好,行車管制號誌,正常,無,無分向設施,未繪設車道線,未繪設快慢車道分隔線,無,車與車,其他,駕駛人,未保持行車安全距離,死亡0;受傷1,1,機車,普通重型,女,31,戴安全帽或繫安全帶(使用幼童安全椅),未使用,車的狀態,向前直行中,機車,左側車身,機車,左側車身,駕駛人,未保持行車安全距離,否,120.3459,22.64195
2022,3,20220311,103200,A2,高雄市政府警察局,高雄市三民區九如一路462號前0.0公尺,晴,日間自然光線,市區道路,50,單路部分,直路,路段,一般車道(未劃分快慢車道),柏油,乾燥,無缺陷,無障礙物,良好,良好,無號誌,無號誌,中央分向島,寛式(50公分以上),車道線(無標記),未繪設快慢車道分隔線,無,車與車,追撞,駕駛人,未保持行車安全距離,死亡0;受傷1,1,機車,大型重型2(250-550C.C.),男,25,戴安全帽或繫安全帶(使用幼童安全椅),未使用,車的狀態,向前直行中,機車,左側車身,機車,左側車身,駕駛人,未保持行車安全距離,否,120.32873,22.639119
2022,3,20220311,105500,A2,高雄市政府警察局,高雄市三民區九如一路前0.0公尺,晴,日間自然光線,市區道路,50,單路部分,直路,路段,一般車道(未劃分快慢車道),柏油,乾燥,無缺陷,無障礙物,良好,良好,無號誌,無號誌,無,無分向設施,車道線(無標記),未繪設快慢車道分隔線,無,車與車,側撞,駕駛人,未注意車前狀態,死亡0;受傷1,1,小貨車(含客、貨兩用),自用,男,43,戴安全帽或繫安全帶(使用幼童安全椅),未使用,車的狀態,向前直行中,汽車,右後車尾(身),汽車,右後車尾(身),駕駛人,未注意車前狀態,否,120.3375,22.63583
2022,3,20220311,113000,A2,高雄市政府警察局,高雄市三民區民族一路 / 高雄市三民區民族一路,晴,日間自然光線,市區道路,50,交岔路,四岔路,交叉路口,交叉路口內,柏油,乾燥,無缺陷,無障礙物,良好,良好,行車管制號誌,正常,無,無分向設施,未繪設車道線,未繪設快慢車道分隔線,無,車與車,側撞,駕駛人,未依規定讓車,死亡0;受傷1,1,小客車,自用,女,34,戴安全帽或繫安全帶(使用幼童安全椅),未使用,車的狀態,左轉彎,汽車,右前車頭(身),汽車,右前車頭(身),駕駛人,未依規定讓車,否,120.3153,22.65076
2022,3,20220311,144300,A2,高雄市政府警察局,高雄市三民區村九如一路777號前0.0公尺,晴,日間自然光線,市區道路,0,單路部分,其他,其他,人行道,其他鋪裝,乾燥,無缺陷,無障礙物,良好,良好,無號誌,無號誌,無,無分向設施,未繪設車道線,未繪設快慢車道分隔線,無,汽(機)車本身,路上翻車、摔倒,裝載,載貨超重而失控,死亡0;受傷1,1,機車,普通重型,女,72,戴安全帽或繫安全帶(使用幼童安全椅),未使用,車的狀態,向前直行中,機車,前車頭,機車,前車頭,裝載,載貨超重而失控,否,120.323851,22.639381
2022,3,20220311,151500,A2,高雄市政府警察局,高雄市三民區大順二路前0.0公尺,晴,日間自然光線,市區道路,50,單路部分,直路,路段,慢車道,柏油,乾燥,無缺陷,無障礙物,良好,良好,無號誌,無號誌,中央分向島,寛式(50公分以上),車道線(無標記),快慢車道分隔線,有,車與車,其他,駕駛人,變換車道或方向不當,死亡0;受傷1,1,小客車,自用,男,59,戴安全帽或繫安全帶(使用幼童安全椅),未使用,車的狀態,向右變換車道,汽車,右後車尾(身),汽車,右後車尾(身),駕駛人,變換車道或方向不當,否,120.318,22.65445
2022,3,20220311,161000,A2,高雄市政府警察局,高雄市三民區建國二路 / 高雄市三民區民族一路,晴,日間自然光線,市區道路,40,交岔路,四岔路,交叉路口,交叉路口內,柏油,乾燥,無缺陷,無障礙物,良好,良好,行車管制號誌,正常,雙向禁止超車線,無標記,車道線(無標記),未繪設快慢車道分隔線,無,車與車,其他,駕駛人,未保持行車安全間隔,死亡0;受傷2,1,小客車,自用,男,45,戴安全帽或繫安全帶(使用幼童安全椅),未使用,車的狀態,向前直行中,汽車,右前車頭(身),汽車,右前車頭(身),駕駛人,未保持行車安全間隔,否,120.313686,22.637247
2022,3,20220311,162100,A2,高雄市政府警察局,高雄市三民區建國三路 / 高雄市三民區中庸街,晴,日間自然光線,市區道路,40,交岔路,四岔路,交叉路口,交叉路口內,柏油,乾燥,無缺陷,無障礙物,良好,良好,行車管制號誌,正常,無,無分向設施,未繪設車道線,未繪設快慢車道分隔線,無,車與車,路口交岔撞,駕駛人,違反號誌管制或指揮,死亡0;受傷1,1,機車,普通重型,男,50,戴安全帽或繫安全帶(使用幼童安全椅),未使用,車的狀態,向前直行中,機車,右側車身,機車,右側車身,駕駛人,違反號誌管制或指揮,否,120.289321,22.635675
2022,3,20220311,165300,A2,高雄市政府警察局,高雄市三民區熱河二街前0.0公尺,晴,日間自然光線,市區道路,50,單路部分,直路,路段,快車道,柏油,乾燥,無缺陷,無障礙物,良好,良好,無號誌,無號誌,雙向禁止超車線,無標記,未繪設車道線,快慢車道分隔線,無,車與車,其他,駕駛人,未保持行車安全距離,死亡0;受傷2,1,小客車,自用,男,75,戴安全帽或繫安全帶(使用幼童安全椅),未使用,車的狀態,向前直行中,汽車,右前車頭(身),汽車,右前車頭(身),駕駛人,未保持行車安全距離,否,120.297337,22.644403
2022,3,20220311,171000,A2,高雄市政府警察局,高雄市三民區村陽明路 / 高雄市三民區義華路,晴,日間自然光線,市區道路,30,交岔路,四岔路,交叉路口,交叉路口內,柏油,乾燥,無缺陷,無障礙物,良好,良好,無號誌,無號誌,無,無分向設施,未繪設車道線,未繪設快慢車道分隔線,無,車與車,路口交岔撞,駕駛人,未依規定讓車,死亡0;受傷1,1,機車,普通重型,男,63,戴安全帽或繫安全帶(使用幼童安全椅),未使用,車的狀態,向前直行中,機車,前車頭,機車,前車頭,駕駛人,未依規定讓車,否,120.3405,22.64177
2022,3,20220311,183900,A2,高雄市政府警察局,高雄市三民區鼎山街 / 高雄市三民區鼎山街,晴,夜間(或隧道、地下道、涵洞)有照明,市區道路,40,交岔路,四岔路,交叉路口,交叉路口內,柏油,乾燥,無缺陷,無障礙物,良好,良好,行車管制號誌,正常,中央分向島,寛式(50公分以上),車道線(無標記),快慢車道分隔線,無,車與車,其他,其他,不明原因肇事,死亡0;受傷1,1,,,肇事逃逸尚未查獲,111,不明,不明,人的狀態,不明,其他,不明,其他,不明,其他,不明原因肇事,是,120.3198,22.65466
2022,3,20220312,31800,A2,高雄市政府警察局,高雄市三民區中庸街 / 高雄市三民區三民街,陰,夜間(或隧道、地下道、涵洞)有照明,市區道路,40,交岔路,四岔路,交叉路口,交叉路口內,柏油,乾燥,無缺陷,無障礙物,良好,良好,無號誌,無號誌,行車分向線,無標記,車道線(無標記),未繪設快慢車道分隔線,無,車與車,側撞,駕駛人,未依規定讓車,死亡0;受傷1,1,機車,普通重型,女,25,戴安全帽或繫安全帶(使用幼童安全椅),未使用,車的狀態,向前直行中,機車,前車頭,機車,前車頭,駕駛人,未依規定讓車,否,120.289631,22.634887
2022,3,20220312,84200,A2,高雄市政府警察局,高雄市三民區建國一路509號前0.0公尺,晴,日間自然光線,市區道路,50,單路部分,直路,路段,慢車道,柏油,乾燥,無缺陷,無障礙物,良好,良好,無號誌,無號誌,雙向禁止超車線,無標記,車道線(無標記),快慢車道分隔線,無,車與車,同向擦撞,駕駛人,未保持行車安全間隔,死亡0;受傷1,1,機車,普通重型,男,71,戴安全帽或繫安全帶(使用幼童安全椅),未使用,車的狀態,向前直行中,機車,右側車身,機車,右側車身,駕駛人,未保持行車安全間隔,否,120.315198,22.635964
2022,3,20220312,90000,A2,高雄市政府警察局,高雄市三民區九如一路800號前0.0公尺,晴,日間自然光線,市區道路,50,單路部分,直路,路段,一般車道(未劃分快慢車道),柏油,乾燥,無缺陷,無障礙物,良好,良好,無號誌,無號誌,中央分向島,寛式(50公分以上),車道線(無標記),未繪設快慢車道分隔線,無,汽(機)車本身,撞非固定設施,駕駛人,未注意車前狀態,死亡0;受傷2,1,機車,普通重型,男,46,戴安全帽或繫安全帶(使用幼童安全椅),未使用,車的狀態,向前直行中,機車,前車頭,機車,前車頭,駕駛人,未注意車前狀態,否,120.319629,22.639856
2022,3,20220312,94000,A2,高雄市政府警察局,高雄市三民區大順二路647號前0.0公尺,晴,日間自然光線,市區道路,40,單路部分,直路,路段,機車優先道,柏油,乾燥,無缺陷,無障礙物,良好,良好,無號誌,無號誌,中央分向島,寛式(50公分以上),車道線(無標記),快慢車道分隔線,無,車與車,其他,駕駛人,未保持行車安全距離,死亡0;受傷4,1,機車,普通重型,女,65,戴安全帽或繫安全帶(使用幼童安全椅),未使用,車的狀態,向前直行中,其他,不明,其他,不明,駕駛人,未保持行車安全距離,否,120.323862,22.650106
2022,3,20220312,134400,A2,高雄市政府警察局,高雄市三民區民族一路 / 高雄市三民區鐵道二街,晴,日間自然光線,市區道路,40,交岔路,四岔路,交叉路口,交叉路口內,柏油,乾燥,無缺陷,無障礙物,良好,良好,行車管制號誌(附設行人專用號誌),正常,無,無分向設施,未繪設車道線,未繪設快慢車道分隔線,無,車與車,同向擦撞,駕駛人,變換車道或方向不當,死亡0;受傷2,1,機車,普通重型,女,21,戴安全帽或繫安全帶(使用幼童安全椅),未使用,車的狀態,向右變換車道,機車,右側車身,機車,右側車身,駕駛人,變換車道或方向不當,否,120.3138,22.6388
2022,3,20220312,142300,A2,高雄市政府警察局,高雄市三民區建國三路 / 高雄市三民區市中一路,晴,日間自然光線,市區道路,40,交岔路,四岔路,交叉路口,交叉路口內,柏油,乾燥,無缺陷,無障礙物,良好,良好,行車管制號誌(附設行人專用號誌),正常,無,無分向設施,未繪設車道線,未繪設快慢車道分隔線,無,車與車,側撞,駕駛人,未依規定讓車,死亡0;受傷1,1,機車,普通重型,男,74,不明,不明,車的狀態,左轉彎,機車,左側車身,機車,左側車身,駕駛人,未依規定讓車,否,120.2876,22.63521
2022,3,20220312,143300,A2,高雄市政府警察局,高雄市三民區大順一路 / 高雄市三民區民族一路,晴,日間自然光線,市區道路,40,交岔路,四岔路,交叉路口,交叉路口內,柏油,乾燥,無缺陷,無障礙物,良好,良好,行車管制號誌,正常,中央分向島,寛式(50公分以上),車道線(無標記),快慢車道分隔線,無,車與車,同向擦撞,駕駛人,未保持行車安全間隔,死亡0;受傷1,1,機車,普通重型,女,70,戴安全帽或繫安全帶(使用幼童安全椅),未使用,車的狀態,向前直行中,其他,不明,其他,不明,駕駛人,未保持行車安全間隔,否,120.315471,22.655563
2022,3,20220312,145600,A2,高雄市政府警察局,高雄市三民區吉林街 / 高雄市三民區吉林街,晴,日間自然光線,市區道路,40,交岔路,四岔路,交叉路口,交叉路口內,柏油,乾燥,無缺陷,無障礙物,良好,良好,無號誌,無號誌,行車分向線,無標記,未繪設車道線,未繪設快慢車道分隔線,有,車與車,路口交岔撞,駕駛人,未依規定減速,死亡0;受傷1,1,機車,普通重型,男,28,戴安全帽或繫安全帶(使用幼童安全椅),未使用,車的狀態,向前直行中,機車,右側車身,機車,右側車身,駕駛人,未依規定減速,否,120.306009,22.640547
2022,3,20220312,150700,A2,高雄市政府警察局,高雄市三民區大昌一路 / 高雄市三民區鼎愛街,晴,日間自然光線,市區道路,30,交岔路,三岔路,交叉路口,交叉路口內,柏油,乾燥,無缺陷,無障礙物,良好,良好,無號誌,無號誌,無,無分向設施,未繪設車道線,未繪設快慢車道分隔線,有,車與車,側撞,駕駛人,未依規定讓車,死亡0;受傷2,1,機車,普通重型,女,59,戴安全帽或繫安全帶(使用幼童安全椅),未使用,車的狀態,左轉彎,機車,前車頭,機車,前車頭,駕駛人,未依規定讓車,否,120.320901,22.658998
2022,3,20220312,151100,A2,高雄市政府警察局,高雄市三民區民族一路 / 高雄市三民區民族一路,晴,日間自然光線,市區道路,40,交岔路,三岔路,交叉路口,交叉口附近,柏油,乾燥,無缺陷,無障礙物,良好,良好,無號誌,無號誌,中央分向島,寛式(50公分以上),車道線(無標記),寛式快慢車道分隔島(50公分以上),無,車與車,側撞,駕駛人,未注意車前狀態,死亡0;受傷1,1,機車,普通重型,女,60,戴安全帽或繫安全帶(使用幼童安全椅),未使用,車的狀態,其他,機車,右側車身,機車,右側車身,駕駛人,未注意車前狀態,否,120.3149,22.64653
2022,3,20220312,154000,A2,高雄市政府警察局,高雄市三民區博愛一路126號前0.0公尺,晴,日間自然光線,市區道路,40,單路部分,直路,路段,慢車道,柏油,乾燥,無缺陷,無障礙物,良好,良好,無號誌,無號誌,中央分向島,寛式(50公分以上),車道線(無標記),寛式快慢車道分隔島(50公分以上),無,車與車,側撞,駕駛人,起步未注意其他車(人)安全,死亡0;受傷2,1,小客車,自用,女,53,戴安全帽或繫安全帶(使用幼童安全椅),未使用,車的狀態,起步,其他,不明,其他,不明,駕駛人,起步未注意其他車(人)安全,否,120.303326,22.644711
2022,3,20220312,164300,A2,高雄市政府警察局,高雄市三民區澄清路 / 高雄市三民區褒揚街,晴,日間自然光線,市區道路,50,交岔路,四岔路,交叉路口,交叉路口內,柏油,乾燥,無缺陷,無障礙物,良好,良好,行車管制號誌,正常,中央分向島,寛式(50公分以上),車道線(無標記),快慢車道分隔線,無,車與車,側撞,駕駛人,左轉彎未依規定,死亡0;受傷1,1,小客車,自用,男,42,戴安全帽或繫安全帶(使用幼童安全椅),未使用,車的狀態,左轉彎,汽車,前車頭,汽車,前車頭,駕駛人,左轉彎未依規定,否,120.345447,22.640252
2022,3,20220312,182700,A2,高雄市政府警察局,高雄市三民區陽明路 / 高雄市三民區褒揚街,晴,夜間(或隧道、地下道、涵洞)有照明,市區道路,50,交岔路,四岔路,交叉路口,交叉口附近,柏油,乾燥,無缺陷,無障礙物,良好,良好,行車管制號誌,正常,雙向禁止超車線,無標記,未繪設車道線,未繪設快慢車道分隔線,有,車與車,其他,駕駛人,未注意車前狀態,死亡0;受傷1,1,小客車,自用,男,46,戴安全帽或繫安全帶(使用幼童安全椅),未使用,車的狀態,起步,汽車,右前車頭(身),汽車,右前車頭(身),駕駛人,未注意車前狀態,否,120.3417,22.64108
2022,3,20220312,190000,A2,高雄市政府警察局,高雄市三民區吉林街 / 高雄市三民區吉林街,陰,夜間(或隧道、地下道、涵洞)有照明,市區道路,40,交岔路,四岔路,交叉路口,交叉口附近,柏油,乾燥,無缺陷,無障礙物,良好,良好,無號誌,無號誌,無,無分向設施,車道線(無標記),未繪設快慢車道分隔線,無,人與汽(機)車,穿越道路中,其他,不明原因肇事,死亡0;受傷1,1,機車,普通重型,男,62,不明,不明,人的狀態,不明,其他,不明,其他,不明,其他,不明原因肇事,是,120.306364,22.644814
2022,3,20220312,214000,A2,高雄市政府警察局,高雄市三民區村民族一路794巷前0.0公尺,晴,夜間(或隧道、地下道、涵洞)有照明,市區道路,40,單路部分,直路,路段,慢車道,柏油,乾燥,無缺陷,無障礙物,良好,良好,行車管制號誌,正常,中央分向島,寛式(50公分以上),車道線(無標記),寛式快慢車道分隔島(50公分以上),無,車與車,同向擦撞,駕駛人,未保持行車安全間隔,死亡0;受傷1,1,機車,普通重型,男,19,戴安全帽或繫安全帶(使用幼童安全椅),未使用,車的狀態,向前直行中,機車,左側車身,機車,左側車身,駕駛人,未保持行車安全間隔,否,120.316761,22.666119
2022,3,20220312,214500,A2,高雄市政府警察局,高雄市三民區博愛一路前0.0公尺,晴,夜間(或隧道、地下道、涵洞)有照明,市區道路,50,單路部分,直路,路段,慢車道,柏油,乾燥,無缺陷,無障礙物,良好,良好,無號誌,無號誌,中央分向島,寛式(50公分以上),車道線(無標記),快慢車道分隔線,無,車與車,追撞,駕駛人,未注意車前狀態,死亡0;受傷1,1,機車,普通重型,男,23,戴安全帽或繫安全帶(使用幼童安全椅),未使用,車的狀態,向前直行中,機車,前車頭,機車,前車頭,駕駛人,未注意車前狀態,否,120.302749,22.642669
2022,3,20220313,111000,A2,高雄市政府警察局,高雄市三民區九如一路921號前0.0公尺,晴,日間自然光線,市區道路,40,單路部分,直路,路段,慢車道,柏油,乾燥,無缺陷,無障礙物,良好,良好,閃光號誌,正常,中央分向島,窄式無柵欄,車道線(無標記),快慢車道分隔線,有,車與車,同向擦撞,駕駛人,未注意車前狀態,死亡0;受傷2,1,機車,普通重型,男,28,戴安全帽或繫安全帶(使用幼童安全椅),未使用,車的狀態,向前直行中,機車,後車尾,機車,後車尾,駕駛人,未注意車前狀態,否,120.314999,22.640193
2022,3,20220313,131400,A2,高雄市政府警察局,高雄市三民區博愛一路 / 高雄市三民區十全一路,晴,日間自然光線,市區道路,40,交岔路,四岔路,交叉路口,交叉路口內,柏油,乾燥,無缺陷,無障礙物,良好,良好,行車管制號誌(附設行人專用號誌),正常,無,無分向設施,未繪設車道線,未繪設快慢車道分隔線,無,車與車,追撞,駕駛人,未注意車前狀態,死亡0;受傷2,1,機車,普通重型,女,36,戴安全帽或繫安全帶(使用幼童安全椅),未使用,車的狀態,向前直行中,機車,前車頭,機車,前車頭,駕駛人,未注意車前狀態,否,120.302963,22.645506
2022,3,20220313,141500,A2,高雄市政府警察局,高雄市三民區文濱路 / 高雄市三民區褒揚東街,晴,日間自然光線,市區道路,50,交岔路,四岔路,交叉路口,交叉路口內,柏油,乾燥,無缺陷,無障礙物,良好,良好,行車管制號誌,正常,無,無分向設施,未繪設車道線,未繪設快慢車道分隔線,無,車與車,其他,駕駛人,起步未注意其他車(人)安全,死亡0;受傷1,1,機車,普通重型,男,31,戴安全帽或繫安全帶(使用幼童安全椅),未使用,車的狀態,起步,機車,左側車身,機車,左側車身,駕駛人,起步未注意其他車(人)安全,否,120.348489,22.639537
2022,3,20220313,144000,A2,高雄市政府警察局,高雄市三民區陽明路 / 高雄市三民區澄平街,晴,日間自然光線,市區道路,30,交岔路,四岔路,交叉路口,交叉路口內,柏油,乾燥,無缺陷,無障礙物,良好,良好,無號誌,無號誌,雙向禁止超車線,無標記,車道線(無標記),快慢車道分隔線,無,車與車,側撞,駕駛人,未注意車前狀態,死亡0;受傷3,1,機車,普通重型,女,48,戴安全帽或繫安全帶(使用幼童安全椅),未使用,車的狀態,向前直行中,機車,左側車身,機車,左側車身,駕駛人,未注意車前狀態,否,120.342577,22.64582