發生年度,發生月份,發生日期,發生時間,事故類別名稱,處理單位名稱警局層,發生地點,天候名稱,光線名稱,道路類別-第1當事者-名稱,速限-第1當事者,道路型態大類別名稱,道路型態子類別名稱,事故位置大類別名稱,事故位置子類別名稱,路面狀況-路面鋪裝名稱,路面狀況-路面狀態名稱,路面狀況-路面缺陷名稱,道路障礙-障礙物名稱,道路障礙-視距品質名稱,道路障礙-視距名稱,號誌-號誌種類名稱,號誌-號誌動作名稱,車道劃分設施-分向設施大類別名稱,車道劃分設施-分向設施子類別名稱,車道劃分設施-分道設施-快車道或一般車道間名稱,車道劃分設施-分道設施-快慢車道間名稱,車道劃分設施-分道設施-路面邊線名稱,事故類型及型態大類別名稱,事故類型及型態子類別名稱,肇因研判大類別名稱-主要,肇因研判子類別名稱-主要,死亡受傷人數,當事者順位,當事者區分-類別-大類別名稱-車種,當事者區分-類別-子類別名稱-車種,當事者屬-性-別名稱,當事者事故發生時年齡,保護裝備名稱,行動電話或電腦或其他相類功能裝置名稱,當事者行動狀態大類別名稱,當事者行動狀態子類別名稱,車輛撞擊部位大類別名稱-最初,車輛撞擊部位子類別名稱-最初,車輛撞擊部位大類別名稱-其他,車輛撞擊部位子類別名稱-其他,肇因研判大類別名稱-個別,肇因研判子類別名稱-個別,肇事逃逸類別名稱-是否肇逃,經度,緯度
2022,3,20220313,145900,A2,高雄市政府警察局,高雄市三民區大昌一路 / 高雄市三民區鼎山街,晴,日間自然光線,市區道路,40,交岔路,四岔路,交叉路口,機車停等區,柏油,乾燥,無缺陷,無障礙物,良好,良好,行車管制號誌,正常,中央分向島,寛式(50公分以上),車道線(無標記),快慢車道分隔線,無,車與車,同向擦撞,駕駛人,未保持行車安全距離,死亡0;受傷1,1,機車,普通重型,男,42,戴安全帽或繫安全帶(使用幼童安全椅),未使用,車的狀態,向前直行中,機車,前車頭,機車,前車頭,駕駛人,未保持行車安全距離,否,120.321368,22.657277
2022,3,20220313,153000,A2,高雄市政府警察局,高雄市三民區村自由一路.號前0.0公尺前,晴,日間自然光線,市區道路,40,單路部分,直路,路段,慢車道,柏油,乾燥,無缺陷,無障礙物,良好,良好,行車管制號誌,正常,雙向禁止超車線,無標記,未繪設車道線,快慢車道分隔線,無,車與車,追撞,駕駛人,未注意車前狀態,死亡0;受傷1,1,機車,普通重型,女,67,戴安全帽或繫安全帶(使用幼童安全椅),未使用,車的狀態,向前直行中,機車,前車頭,機車,前車頭,駕駛人,未注意車前狀態,否,120.3087,22.65393
2022,3,20220313,164500,A2,高雄市政府警察局,高雄市三民區中山一路 / 高雄市三民區河北二路,晴,日間自然光線,市區道路,50,交岔路,三岔路,交叉路口,交叉路口內,柏油,乾燥,無缺陷,無障礙物,良好,良好,無號誌,無號誌,雙向禁止超車線,無標記,車道線(無標記),快慢車道分隔線,有,車與車,其他,駕駛人,變換車道或方向不當,死亡0;受傷2,1,小客車,自用,男,51,戴安全帽或繫安全帶(使用幼童安全椅),未使用,車的狀態,向右變換車道,其他,不明,其他,不明,駕駛人,變換車道或方向不當,否,120.302268,22.636837
2022,3,20220313,191800,A2,高雄市政府警察局,高雄市三民區明誠一路677號前0.0公尺,晴,夜間(或隧道、地下道、涵洞)有照明,市區道路,40,單路部分,直路,路段,慢車道,柏油,乾燥,無缺陷,無障礙物,良好,良好,無號誌,無號誌,雙向禁止超車線,無標記,車道線(無標記),快慢車道分隔線,無,車與車,同向擦撞,駕駛人,未保持行車安全間隔,死亡0;受傷2,1,小客車,自用,男,45,戴安全帽或繫安全帶(使用幼童安全椅),未使用,車的狀態,向右變換車道,汽車,右側車身,汽車,右側車身,駕駛人,未保持行車安全間隔,否,120.316661,22.659614
2022,3,20220314,81500,A2,高雄市政府警察局,高雄市三民區建德路7號前0.0公尺,晴,日間自然光線,市區道路,40,單路部分,直路,路段,快車道,柏油,乾燥,無缺陷,無障礙物,良好,良好,無號誌,無號誌,行車分向線,無標記,未繪設車道線,快慢車道分隔線,無,車與車,側撞,駕駛人,起步未注意其他車(人)安全,死亡0;受傷1,1,機車,普通重型,女,28,戴安全帽或繫安全帶(使用幼童安全椅),未使用,車的狀態,起步,機車,右側車身,機車,右側車身,駕駛人,起步未注意其他車(人)安全,否,120.323,22.64854
2022,3,20220314,115600,A2,高雄市政府警察局,高雄市三民區松江街 / 高雄市三民區松江街,晴,日間自然光線,市區道路,50,交岔路,四岔路,交叉路口,交叉口附近,柏油,乾燥,無缺陷,無障礙物,良好,良好,無號誌,無號誌,無,無分向設施,未繪設車道線,未繪設快慢車道分隔線,無,車與車,其他,駕駛人,未注意車前狀態,死亡0;受傷1,1,小客車,自用,男,70,戴安全帽或繫安全帶(使用幼童安全椅),未使用,車的狀態,向前直行中,汽車,右前車頭(身),汽車,右前車頭(身),駕駛人,未注意車前狀態,否,120.304014,22.644983
2022,3,20220314,141200,A2,高雄市政府警察局,高雄市三民區村正忠路 / 高雄市三民區正忠路,晴,日間自然光線,市區道路,40,交岔路,三岔路,交叉路口,交叉口附近,柏油,乾燥,無缺陷,無障礙物,良好,良好,無號誌,無號誌,行車分向線,無標記,未繪設車道線,快慢車道分隔線,無,人與汽(機)車,穿越道路中,駕駛人,未注意車前狀態,死亡0;受傷2,1,機車,普通重型,女,55,戴安全帽或繫安全帶(使用幼童安全椅),未使用,車的狀態,向前直行中,其他,不明,其他,不明,駕駛人,未注意車前狀態,否,120.330422,22.650256
2022,3,20220314,154200,A2,高雄市政府警察局,高雄市三民區九如一路 / 高雄市三民區正義路,晴,日間自然光線,市區道路,40,交岔路,四岔路,交叉路口,交叉路口內,柏油,乾燥,無缺陷,無障礙物,良好,良好,行車管制號誌,正常,無,無分向設施,未繪設車道線,未繪設快慢車道分隔線,無,車與車,追撞,駕駛人,未保持行車安全距離,死亡0;受傷1,1,機車,普通重型,男,61,戴安全帽或繫安全帶(使用幼童安全椅),未使用,車的狀態,向前直行中,機車,前車頭,機車,前車頭,駕駛人,未保持行車安全距離,否,120.343465,22.636458
2022,3,20220314,160200,A2,高雄市政府警察局,高雄市三民區民族一路80號前0.0公尺,晴,日間自然光線,市區道路,40,單路部分,直路,路段,慢車道,柏油,乾燥,無缺陷,無障礙物,良好,良好,行車管制號誌,正常,無,無分向設施,未繪設車道線,未繪設快慢車道分隔線,無,車與車,同向擦撞,駕駛人,未保持行車安全間隔,死亡0;受傷1,1,慢車,腳踏自行車,男,68,不明,未使用,車的狀態,向前直行中,其他,非汽(機)車,其他,非汽(機)車,駕駛人,未保持行車安全間隔,否,120.314488,22.643206
2022,3,20220314,175000,A2,高雄市政府警察局,高雄市三民區高速公路西側便道 / 高雄市三民區九如一路,晴,日間自然光線,市區道路,30,交岔路,四岔路,交叉路口,交叉路口內,柏油,乾燥,無缺陷,無障礙物,良好,良好,行車管制號誌,正常,無,無分向設施,未繪設車道線,未繪設快慢車道分隔線,無,車與車,其他,駕駛人,未保持行車安全距離,死亡0;受傷3,1,機車,普通重型,男,37,戴安全帽或繫安全帶(使用幼童安全椅),未使用,車的狀態,向前直行中,機車,前車頭,機車,前車頭,駕駛人,未保持行車安全距離,否,120.329222,22.63887
2022,3,20220314,190100,A2,高雄市政府警察局,高雄市三民區村熱河一街43之1號前0.0公尺,晴,夜間(或隧道、地下道、涵洞)無照明,市區道路,40,單路部分,直路,路段,一般車道(未劃分快慢車道),柏油,乾燥,無缺陷,無障礙物,良好,良好,無號誌,無號誌,雙向禁止超車線,無標記,未繪設車道線,未繪設快慢車道分隔線,無,汽(機)車本身,撞動物,駕駛人,未注意車前狀態,死亡0;受傷1,1,機車,普通重型,女,34,戴安全帽或繫安全帶(使用幼童安全椅),未使用,車的狀態,向前直行中,其他,不明,其他,不明,駕駛人,未注意車前狀態,否,120.313047,22.643196
2022,3,20220314,193000,A2,高雄市政府警察局,高雄市三民區民族一路80號前0.0公尺,晴,夜間(或隧道、地下道、涵洞)有照明,市區道路,40,單路部分,直路,路段,慢車道,柏油,乾燥,無缺陷,無障礙物,良好,良好,行車管制號誌,正常,無,無分向設施,車道線(無標記),快慢車道分隔線,無,車與車,同向擦撞,駕駛人,違反號誌管制或指揮,死亡0;受傷1,1,機車,普通重型,女,69,戴安全帽或繫安全帶(使用幼童安全椅),未使用,車的狀態,向前直行中,機車,右側車身,機車,右側車身,駕駛人,違反號誌管制或指揮,否,120.314488,22.643206
2022,3,20220314,201700,A2,高雄市政府警察局,高雄市三民區大昌一路 / 高雄市三民區大昌一路,晴,夜間(或隧道、地下道、涵洞)有照明,市區道路,40,交岔路,三岔路,交叉路口,交叉路口內,柏油,乾燥,無缺陷,無障礙物,良好,良好,行車管制號誌,正常,雙向禁止超車線,無標記,未繪設車道線,快慢車道分隔線,有,車與車,側撞,駕駛人,未依規定讓車,死亡0;受傷1,1,機車,普通重型,女,51,戴安全帽或繫安全帶(使用幼童安全椅),未使用,車的狀態,起步,機車,左側車身,機車,左側車身,駕駛人,未依規定讓車,否,120.324313,22.656018
2022,3,20220314,210900,A2,高雄市政府警察局,高雄市三民區村建興路254號前0.0公尺前,晴,夜間(或隧道、地下道、涵洞)有照明,市區道路,50,單路部分,直路,路段,快車道,柏油,乾燥,無缺陷,無障礙物,良好,良好,無號誌,無號誌,行車分向線,無標記,未繪設車道線,快慢車道分隔線,無,車與車,側撞,駕駛人,迴轉未依規定,死亡0;受傷1,1,小客車,自用,男,25,戴安全帽或繫安全帶(使用幼童安全椅),未使用,車的狀態,迴轉或橫越道路中,汽車,前車頭,汽車,前車頭,駕駛人,迴轉未依規定,否,120.3243,22.64502
2022,3,20220315,72300,A2,高雄市政府警察局,高雄市三民區村澄和路 / 高雄市三民區澄和路,晴,日間自然光線,市區道路,40,交岔路,四岔路,交叉路口,交叉路口內,柏油,乾燥,無缺陷,無障礙物,良好,良好,無號誌,無號誌,無,無分向設施,未繪設車道線,未繪設快慢車道分隔線,無,車與車,追撞,駕駛人,未保持行車安全距離,死亡0;受傷2,1,機車,普通重型,男,44,戴安全帽或繫安全帶(使用幼童安全椅),未使用,車的狀態,向前直行中,機車,前車頭,機車,前車頭,駕駛人,未保持行車安全距離,否,120.345721,22.644341
2022,3,20220315,105200,A2,高雄市政府警察局,高雄市三民區建國二路 / 高雄市三民區復興一路,晴,日間自然光線,市區道路,40,交岔路,四岔路,交叉路口,交叉路口內,柏油,乾燥,無缺陷,無障礙物,良好,良好,行車管制號誌,正常,雙向禁止超車線,無標記,車道線(無標記),快慢車道分隔線,無,車與車,其他,其他,不明原因肇事,死亡0;受傷2,1,,,肇事逃逸尚未查獲,111,不明,不明,人的狀態,不明,其他,不明,其他,不明,其他,不明原因肇事,是,120.308701,22.63756
2022,3,20220315,105600,A2,高雄市政府警察局,高雄市三民區十全一路前0.0公尺,晴,日間自然光線,市區道路,50,單路部分,直路,路段,快車道,柏油,乾燥,無缺陷,路上有停車,良好,良好,無號誌,無號誌,雙向禁止超車線,無標記,車道線(無標記),快慢車道分隔線,無,車與車,對向擦撞,駕駛人,逆向行駛,死亡0;受傷1,1,機車,普通輕型,女,47,戴安全帽或繫安全帶(使用幼童安全椅),未使用,車的狀態,右轉彎,機車,前車頭,機車,前車頭,駕駛人,逆向行駛,否,120.3032,22.64563
2022,3,20220315,112000,A2,高雄市政府警察局,高雄市三民區大豐二路 / 高雄市三民區大昌二路,晴,日間自然光線,市區道路,40,交岔路,三岔路,交叉路口,交叉路口內,柏油,乾燥,無缺陷,無障礙物,良好,良好,無號誌,無號誌,行車分向線,無標記,車道線(無標記),快慢車道分隔線,無,車與車,路口交岔撞,駕駛人,逆向行駛,死亡0;受傷1,1,機車,普通重型,女,65,戴安全帽或繫安全帶(使用幼童安全椅),未使用,車的狀態,迴轉或橫越道路中,機車,前車頭,機車,前車頭,駕駛人,逆向行駛,否,120.332817,22.651173
2022,3,20220315,114800,A2,高雄市政府警察局,高雄市三民區遼寧二街 / 高雄市三民區遼寧二街,晴,日間自然光線,市區道路,40,交岔路,三岔路,交叉路口,交叉口附近,柏油,乾燥,無缺陷,無障礙物,良好,良好,無號誌,無號誌,單向禁止超車線,無標記,車道線(無標記),未繪設快慢車道分隔線,無,人與汽(機)車,同向通行中,駕駛人,未注意車前狀態,死亡0;受傷2,1,機車,普通重型,男,25,戴安全帽或繫安全帶(使用幼童安全椅),未使用,車的狀態,向前直行中,機車,前車頭,機車,前車頭,駕駛人,未注意車前狀態,否,120.298746,22.642964
2022,3,20220315,141700,A2,高雄市政府警察局,高雄市三民區建國一路525號前0.0公尺前,晴,日間自然光線,市區道路,50,單路部分,直路,路段,一般車道(未劃分快慢車道),柏油,乾燥,無缺陷,無障礙物,良好,良好,無號誌,無號誌,雙向禁止超車線,無標記,車道線(無標記),未繪設快慢車道分隔線,無,車與車,其他,駕駛人,未依規定讓車,死亡0;受傷1,1,小客車,自用,男,48,戴安全帽或繫安全帶(使用幼童安全椅),未使用,車的狀態,迴轉或橫越道路中,汽車,左側車身,汽車,左側車身,駕駛人,未依規定讓車,否,120.314953,22.636439
2022,3,20220315,152400,A2,高雄市政府警察局,高雄市三民區博愛一路 / 高雄市三民區同盟二路,晴,日間自然光線,市區道路,50,交岔路,四岔路,交叉路口,交叉路口內,柏油,乾燥,無缺陷,無障礙物,良好,良好,行車管制號誌,正常,無,無分向設施,未繪設車道線,未繪設快慢車道分隔線,無,車與車,追撞,駕駛人,未保持行車安全距離,死亡0;受傷1,1,機車,大型重型1(550C.C.以上),男,22,戴安全帽或繫安全帶(使用幼童安全椅),未使用,車的狀態,左轉彎,機車,前車頭,機車,前車頭,駕駛人,未保持行車安全距離,否,120.303681,22.651998
2022,3,20220315,190900,A2,高雄市政府警察局,高雄市三民區自由一路 / 高雄市三民區萬全街,晴,日間自然光線,市區道路,50,交岔路,三岔路,交叉路口,交叉路口內,柏油,乾燥,無缺陷,無障礙物,良好,良好,無號誌,無號誌,雙向禁止超車線,無標記,車道線(無標記),未繪設快慢車道分隔線,無,車與車,側撞,駕駛人,右轉彎未依規定,死亡0;受傷1,1,小客車,自用,男,75,戴安全帽或繫安全帶(使用幼童安全椅),未使用,車的狀態,右轉彎,汽車,右前車頭(身),汽車,右前車頭(身),駕駛人,右轉彎未依規定,否,120.30902,22.647897
2022,3,20220315,193000,A2,高雄市政府警察局,高雄市三民區九如二路 / 高雄市三民區吉林街,晴,夜間(或隧道、地下道、涵洞)有照明,市區道路,50,交岔路,四岔路,交叉路口,交叉口附近,柏油,乾燥,無缺陷,無障礙物,良好,良好,行車管制號誌,正常,中央分向島,寛式(50公分以上),車道線(無標記),未繪設快慢車道分隔線,無,車與車,追撞,駕駛人,未保持行車安全距離,死亡0;受傷2,1,機車,普通重型,男,22,戴安全帽或繫安全帶(使用幼童安全椅),未使用,車的狀態,超車(含超越),機車,前車頭,機車,前車頭,駕駛人,未保持行車安全距離,否,120.306048,22.640984
2022,3,20220316,74500,A2,高雄市政府警察局,高雄市三民區明誠一路 / 高雄市三民區鼎新路,晴,日間自然光線,市區道路,40,交岔路,三岔路,交叉路口,交叉路口內,柏油,乾燥,無缺陷,無障礙物,良好,良好,行車管制號誌,正常,無,無分向設施,未繪設車道線,未繪設快慢車道分隔線,無,車與車,路口交岔撞,駕駛人,未注意車前狀態,死亡0;受傷2,1,機車,普通重型,女,48,戴安全帽或繫安全帶(使用幼童安全椅),未使用,車的狀態,向前直行中,機車,左側車身,機車,左側車身,駕駛人,未注意車前狀態,否,120.323674,22.659982
2022,3,20220316,75900,A2,高雄市政府警察局,高雄市三民區九如一路 / 高雄市三民區光武路,晴,日間自然光線,市區道路,40,交岔路,四岔路,交叉路口,交叉口附近,柏油,乾燥,無缺陷,無障礙物,良好,良好,行車管制號誌,正常,中央分向島,寛式(50公分以上),車道線(無標記),快慢車道分隔線,無,車與車,同向擦撞,駕駛人,未保持行車安全間隔,死亡0;受傷2,1,慢車,微型電動二輪車,男,26,戴安全帽或繫安全帶(使用幼童安全椅),未使用,車的狀態,向前直行中,其他,非汽(機)車,其他,非汽(機)車,駕駛人,未保持行車安全間隔,否,120.334872,22.638028
2022,3,20220316,81000,A2,高雄市政府警察局,高雄市三民區錦州街73號前0.0公尺,晴,日間自然光線,市區道路,40,單路部分,直路,路段,一般車道(未劃分快慢車道),柏油,乾燥,無缺陷,無障礙物,良好,良好,無號誌,無號誌,行車分向線,無標記,未繪設車道線,未繪設快慢車道分隔線,無,車與車,倒車撞,駕駛人,倒車未依規定,死亡0;受傷1,1,小客車,自用,男,69,戴安全帽或繫安全帶(使用幼童安全椅),未使用,車的狀態,倒車,汽車,後車尾,汽車,後車尾,駕駛人,倒車未依規定,否,120.300139,22.642119
2022,3,20220316,111900,A2,高雄市政府警察局,高雄市三民區熱河一街141號前0.0公尺,晴,日間自然光線,市區道路,50,單路部分,直路,路段,一般車道(未劃分快慢車道),柏油,乾燥,無缺陷,無障礙物,良好,良好,無號誌,無號誌,雙向禁止超車線,無標記,未繪設車道線,未繪設快慢車道分隔線,無,車與車,其他,駕駛人,違反特定標誌(線)禁制,死亡0;受傷1,1,小客車,自用,女,46,戴安全帽或繫安全帶(使用幼童安全椅),未使用,車的狀態,靜止(引擎熄火),汽車,左側車身,汽車,左側車身,駕駛人,違反特定標誌(線)禁制,否,120.309715,22.643421
2022,3,20220316,114400,A2,高雄市政府警察局,高雄市三民區村自立一路.號前0.0公尺,晴,日間自然光線,市區道路,40,單路部分,直路,路段,一般車道(未劃分快慢車道),柏油,乾燥,無缺陷,無障礙物,良好,良好,無號誌,無號誌,雙向禁止超車線,無標記,車道線(無標記),未繪設快慢車道分隔線,無,人與汽(機)車,同向通行中,駕駛人,未注意車前狀態,死亡0;受傷2,1,機車,普通重型,女,58,戴安全帽或繫安全帶(使用幼童安全椅),未使用,車的狀態,向前直行中,機車,前車頭,機車,前車頭,駕駛人,未注意車前狀態,否,120.296273,22.642457
2022,3,20220316,115000,A2,高雄市政府警察局,高雄市三民區天祥一路 / 高雄市三民區天祥一路,晴,日間自然光線,市區道路,50,交岔路,四岔路,交叉路口,交叉路口內,柏油,乾燥,無缺陷,無障礙物,良好,良好,無號誌,無號誌,雙向禁止超車線,無標記,車道線(無標記),快慢車道分隔線,有,車與車,同向擦撞,駕駛人,變換車道或方向不當,死亡0;受傷1,1,小客車,自用,男,46,戴安全帽或繫安全帶(使用幼童安全椅),未使用,車的狀態,向右變換車道,汽車,右前車頭(身),汽車,右前車頭(身),駕駛人,變換車道或方向不當,否,120.31842,22.667907
2022,3,20220316,120300,A2,高雄市政府警察局,高雄市三民區合江街 / 高雄市三民區綏遠一街,晴,日間自然光線,市區道路,40,交岔路,四岔路,交叉路口,交叉路口內,柏油,乾燥,無缺陷,無障礙物,良好,良好,閃光號誌,無動作,單向禁止超車線,無標記,車道線(無標記),未繪設快慢車道分隔線,無,車與車,側撞,駕駛人,未依規定讓車,死亡0;受傷2,1,機車,普通重型,男,18,戴安全帽或繫安全帶(使用幼童安全椅),未使用,車的狀態,向前直行中,機車,前車頭,機車,前車頭,駕駛人,未依規定讓車,否,120.307843,22.648558
2022,3,20220316,123000,A2,高雄市政府警察局,高雄市三民區澄觀陸橋往東號前0.0公尺,晴,日間自然光線,市區道路,50,單路部分,直路,路段,一般車道(未劃分快慢車道),柏油,乾燥,無缺陷,無障礙物,良好,良好,無號誌,無號誌,中央分向島,寛式(50公分以上),車道線(無標記),未繪設快慢車道分隔線,無,汽(機)車本身,路上翻車、摔倒,駕駛人,未注意車前狀態,死亡0;受傷1,1,機車,普通重型,男,24,戴安全帽或繫安全帶(使用幼童安全椅),未使用,車的狀態,向前直行中,其他,不明,其他,不明,駕駛人,未注意車前狀態,否,120.31757,22.668211
2022,3,20220316,131800,A2,高雄市政府警察局,高雄市三民區村熱河二街 / 高雄市三民區熱河二街,晴,日間自然光線,市區道路,40,交岔路,四岔路,交叉路口,交叉路口內,柏油,乾燥,無缺陷,無障礙物,良好,良好,無號誌,無號誌,無,無分向設施,未繪設車道線,未繪設快慢車道分隔線,無,車與車,其他,駕駛人,未依規定讓車,死亡0;受傷1,1,機車,普通重型,男,37,戴安全帽或繫安全帶(使用幼童安全椅),未使用,車的狀態,左轉彎,機車,前車頭,機車,前車頭,駕駛人,未依規定讓車,否,120.302863,22.644015
2022,3,20220316,144300,A2,高雄市政府警察局,高雄市三民區村大順二路433號前0.0公尺,晴,日間自然光線,市區道路,30,單路部分,直路,路段,一般車道(未劃分快慢車道),柏油,乾燥,無缺陷,無障礙物,良好,良好,行車管制號誌,正常,無,無分向設施,未繪設車道線,未繪設快慢車道分隔線,無,汽(機)車本身,路上翻車、摔倒,駕駛人,未注意車前狀態,死亡0;受傷1,1,機車,普通重型,男,25,戴安全帽或繫安全帶(使用幼童安全椅),未使用,車的狀態,向前直行中,其他,不明,其他,不明,駕駛人,未注意車前狀態,否,120.324892,22.648712
2022,3,20220316,210000,A2,高雄市政府警察局,高雄市三民區忠孝一路 / 高雄市三民區忠孝一路,晴,日間自然光線,市區道路,40,交岔路,四岔路,交叉路口,交叉路口內,柏油,乾燥,無缺陷,無障礙物,良好,良好,無號誌,無號誌,無,無分向設施,未繪設車道線,未繪設快慢車道分隔線,無,車與車,其他,駕駛人,未依規定讓車,死亡0;受傷1,1,小客車,自用,男,26,戴安全帽或繫安全帶(使用幼童安全椅),未使用,車的狀態,左轉彎,汽車,前車頭,汽車,前車頭,駕駛人,未依規定讓車,否,120.306772,22.638563
2022,3,20220317,70000,A2,高雄市政府警察局,高雄市三民區民族一路 / 高雄市三民區民族一路,晴,日間自然光線,市區道路,40,交岔路,四岔路,交叉路口,交叉路口內,柏油,乾燥,無缺陷,無障礙物,良好,良好,行車管制號誌,正常,無,無分向設施,未繪設車道線,未繪設快慢車道分隔線,無,車與車,其他,駕駛人,未注意車前狀態,死亡0;受傷1,1,機車,普通重型,女,19,戴安全帽或繫安全帶(使用幼童安全椅),未使用,車的狀態,向前直行中,其他,不明,其他,不明,駕駛人,未注意車前狀態,否,120.316482,22.666206
2022,3,20220317,71500,A2,高雄市政府警察局,高雄市三民區昌裕街 / 高雄市三民區大昌一路,晴,日間自然光線,市區道路,40,交岔路,四岔路,交叉路口,交叉口附近,柏油,乾燥,無缺陷,無障礙物,良好,良好,行車管制號誌,正常,雙向禁止超車線,無標記,未繪設車道線,快慢車道分隔線,無,車與車,側撞,駕駛人,違反號誌管制或指揮,死亡0;受傷1,1,機車,普通重型,男,51,戴安全帽或繫安全帶(使用幼童安全椅),未使用,車的狀態,右轉彎,機車,左側車身,機車,左側車身,駕駛人,違反號誌管制或指揮,否,120.328925,22.652531
2022,3,20220317,84005,A2,國道公路警察局,高雄市三民區國道1號 365公里100.0公尺處北側向輔助,晴,日間自然光線,國道,90,單路部分,直路,交流道,減速車道,柏油,乾燥,無缺陷,無障礙物,良好,良好,無號誌,無號誌,中央分向島,寛式(50公分以上),車道線(附標記),未繪設快慢車道分隔線,有,車與車,同向擦撞,駕駛人,變換車道或方向不當,死亡0;受傷1,1,半聯結車,營業用,男,39,戴安全帽或繫安全帶(使用幼童安全椅),未使用,車的狀態,向右變換車道,汽車,右前車頭(身),,,駕駛人,變換車道或方向不當,否,120.333205,22.656458
2022,3,20220317,92500,A2,高雄市政府警察局,高雄市三民區克強路 / 高雄市三民區臥龍路,晴,日間自然光線,市區道路,50,交岔路,四岔路,交叉路口,交叉路口內,柏油,乾燥,無缺陷,無障礙物,良好,良好,無號誌,無號誌,無,無分向設施,未繪設車道線,未繪設快慢車道分隔線,無,車與車,路口交岔撞,駕駛人,未依規定讓車,死亡0;受傷2,1,機車,普通重型,女,57,戴安全帽或繫安全帶(使用幼童安全椅),未使用,車的狀態,向前直行中,機車,前車頭,機車,前車頭,駕駛人,未依規定讓車,否,120.32835,22.638005
2022,3,20220317,131000,A2,高雄市政府警察局,高雄市三民區大豐二路 / 高雄市三民區修武街,晴,日間自然光線,市區道路,30,交岔路,四岔路,交叉路口,交叉路口內,柏油,乾燥,無缺陷,無障礙物,良好,良好,無號誌,無號誌,無,無分向設施,未繪設車道線,未繪設快慢車道分隔線,無,車與車,其他,駕駛人,未依規定讓車,死亡0;受傷2,1,機車,普通重型,女,48,戴安全帽或繫安全帶(使用幼童安全椅),未使用,車的狀態,向前直行中,機車,前車頭,機車,前車頭,駕駛人,未依規定讓車,否,120.3339,22.64559
2022,3,20220317,152500,A2,高雄市政府警察局,高雄市三民區村察哈爾二街 / 高雄市三民區察哈爾二街,晴,日間自然光線,市區道路,40,交岔路,四岔路,交叉路口,交叉路口內,柏油,乾燥,無缺陷,無障礙物,良好,良好,無號誌,無號誌,無,無分向設施,未繪設車道線,未繪設快慢車道分隔線,無,車與車,側撞,駕駛人,未依規定讓車,死亡0;受傷2,1,機車,普通重型,男,22,戴安全帽或繫安全帶(使用幼童安全椅),未使用,車的狀態,左轉彎,機車,左側車身,機車,左側車身,駕駛人,未依規定讓車,否,120.302721,22.647648
2022,3,20220317,164800,A2,高雄市政府警察局,高雄市三民區村覺民路 / 高雄市三民區平等路,晴,日間自然光線,市區道路,50,交岔路,四岔路,交叉路口,交叉路口內,柏油,乾燥,無缺陷,無障礙物,良好,良好,行車管制號誌,正常,無,無分向設施,未繪設車道線,未繪設快慢車道分隔線,無,車與車,其他,駕駛人,未依規定讓車,死亡0;受傷1,1,機車,普通重型,男,41,戴安全帽或繫安全帶(使用幼童安全椅),未使用,車的狀態,左轉彎,機車,前車頭,機車,前車頭,駕駛人,未依規定讓車,否,120.3207,22.6447
2022,3,20220317,192000,A2,高雄市政府警察局,高雄市三民區鼎勇街 / 高雄市三民區鼎勇街,陰,夜間(或隧道、地下道、涵洞)有照明,市區道路,30,交岔路,四岔路,交叉路口,交叉路口內,柏油,乾燥,無缺陷,無障礙物,良好,良好,無號誌,無號誌,無,無分向設施,未繪設車道線,未繪設快慢車道分隔線,無,車與車,側撞,駕駛人,未依規定讓車,死亡0;受傷3,1,機車,普通重型,女,41,戴安全帽或繫安全帶(使用幼童安全椅),未使用,車的狀態,左轉彎,機車,左側車身,機車,左側車身,駕駛人,未依規定讓車,否,120.323915,22.657622
2022,3,20220317,211300,A2,高雄市政府警察局,高雄市三民區覺民路 / 高雄市三民區光武路,陰,夜間(或隧道、地下道、涵洞)有照明,市區道路,50,交岔路,四岔路,交叉路口,交叉路口內,柏油,濕潤,無缺陷,無障礙物,良好,良好,行車管制號誌,正常,雙向禁止超車線,無標記,未繪設車道線,快慢車道分隔線,無,車與車,側撞,駕駛人,未依規定讓車,死亡0;受傷1,1,小客車,自用,女,58,戴安全帽或繫安全帶(使用幼童安全椅),未使用,車的狀態,左轉彎,汽車,右後車尾(身),汽車,右後車尾(身),駕駛人,未依規定讓車,否,120.335334,22.64031
2022,3,20220317,233800,A2,高雄市政府警察局,高雄市三民區同盟一路100號前0.0公尺,晴,夜間(或隧道、地下道、涵洞)有照明,市區道路,40,單路部分,其他,其他,其他,柏油,乾燥,無缺陷,無障礙物,良好,良好,閃光號誌,正常,無,無分向設施,未繪設車道線,未繪設快慢車道分隔線,無,車與車,其他,駕駛人,未依規定讓車,死亡0;受傷2,1,機車,普通重型,男,21,戴安全帽或繫安全帶(使用幼童安全椅),未使用,車的狀態,左轉彎,機車,前車頭,機車,前車頭,駕駛人,未依規定讓車,否,120.310789,22.648722