發生年度,發生月份,發生日期,發生時間,事故類別名稱,處理單位名稱警局層,發生地點,天候名稱,光線名稱,道路類別-第1當事者-名稱,速限-第1當事者,道路型態大類別名稱,道路型態子類別名稱,事故位置大類別名稱,事故位置子類別名稱,路面狀況-路面鋪裝名稱,路面狀況-路面狀態名稱,路面狀況-路面缺陷名稱,道路障礙-障礙物名稱,道路障礙-視距品質名稱,道路障礙-視距名稱,號誌-號誌種類名稱,號誌-號誌動作名稱,車道劃分設施-分向設施大類別名稱,車道劃分設施-分向設施子類別名稱,車道劃分設施-分道設施-快車道或一般車道間名稱,車道劃分設施-分道設施-快慢車道間名稱,車道劃分設施-分道設施-路面邊線名稱,事故類型及型態大類別名稱,事故類型及型態子類別名稱,肇因研判大類別名稱-主要,肇因研判子類別名稱-主要,死亡受傷人數,當事者順位,當事者區分-類別-大類別名稱-車種,當事者區分-類別-子類別名稱-車種,當事者屬-性-別名稱,當事者事故發生時年齡,保護裝備名稱,行動電話或電腦或其他相類功能裝置名稱,當事者行動狀態大類別名稱,當事者行動狀態子類別名稱,車輛撞擊部位大類別名稱-最初,車輛撞擊部位子類別名稱-最初,車輛撞擊部位大類別名稱-其他,車輛撞擊部位子類別名稱-其他,肇因研判大類別名稱-個別,肇因研判子類別名稱-個別,肇事逃逸類別名稱-是否肇逃,經度,緯度
2022,3,20220322,112900,A2,高雄市政府警察局,高雄市三民區長明街 / 高雄市三民區林森一路,晴,日間自然光線,市區道路,40,交岔路,四岔路,交叉路口,交叉口附近,柏油,乾燥,無缺陷,無障礙物,良好,良好,無號誌,無號誌,雙向禁止超車線,無標記,未繪設車道線,未繪設快慢車道分隔線,無,車與車,側撞,駕駛人,逆向行駛,死亡0;受傷1,1,機車,普通重型,女,77,戴安全帽或繫安全帶(使用幼童安全椅),未使用,車的狀態,左轉彎,機車,右側車身,機車,右側車身,駕駛人,逆向行駛,否,120.305242,22.638429
2022,3,20220322,121400,A2,高雄市政府警察局,高雄市三民區鼎中路 / 高雄市三民區鼎中路,晴,日間自然光線,市區道路,30,交岔路,四岔路,交叉路口,交叉路口內,柏油,乾燥,無缺陷,無障礙物,良好,良好,無號誌,無號誌,無,無分向設施,未繪設車道線,未繪設快慢車道分隔線,有,車與車,其他,駕駛人,未注意車前狀態,死亡0;受傷1,1,慢車,微型電動二輪車,女,75,戴安全帽或繫安全帶(使用幼童安全椅),未使用,車的狀態,向前直行中,其他,不明,其他,不明,駕駛人,未注意車前狀態,否,120.320464,22.671585
2022,3,20220322,160800,A2,高雄市政府警察局,高雄市三民區村九如一路 / 高雄市三民區九如一路,晴,日間自然光線,市區道路,40,交岔路,三岔路,交叉路口,交叉口附近,柏油,乾燥,無缺陷,無障礙物,良好,良好,無號誌,無號誌,中央分向島,寛式(50公分以上),車道線(無標記),快慢車道分隔線,無,車與車,其他,其他,不明原因肇事,死亡0;受傷2,1,,,肇事逃逸尚未查獲,111,不明,不明,人的狀態,不明,其他,不明,其他,不明,其他,不明原因肇事,是,120.336048,22.637777
2022,3,20220322,170900,A2,高雄市政府警察局,高雄市三民區九如一路 / 高雄市三民區民業路,晴,日間自然光線,市區道路,50,交岔路,四岔路,交叉路口,交叉路口內,柏油,乾燥,無缺陷,無障礙物,良好,良好,行車管制號誌,正常,雙向禁止超車線,無標記,車道線(無標記),未繪設快慢車道分隔線,無,車與車,側撞,駕駛人,左轉彎未依規定,死亡0;受傷1,1,機車,普通重型,女,72,戴安全帽或繫安全帶(使用幼童安全椅),未使用,車的狀態,左轉彎,機車,前車頭,機車,前車頭,駕駛人,左轉彎未依規定,否,120.340159,22.637041
2022,3,20220322,181300,A2,高雄市政府警察局,高雄市三民區村新民路 / 高雄市三民區新民路,晴,日間自然光線,市區道路,50,交岔路,三岔路,交叉路口,交叉路口內,柏油,乾燥,無缺陷,路上有停車,良好,良好,無號誌,無號誌,行車分向線,無標記,未繪設車道線,未繪設快慢車道分隔線,無,車與車,路口交岔撞,駕駛人,未依規定讓車,死亡0;受傷2,1,機車,普通重型,男,42,戴安全帽或繫安全帶(使用幼童安全椅),未使用,車的狀態,向前直行中,機車,前車頭,機車,前車頭,駕駛人,未依規定讓車,否,120.323,22.65259
2022,3,20220322,182900,A2,高雄市政府警察局,高雄市三民區村民族一路317號前0.0公尺,晴,夜間(或隧道、地下道、涵洞)有照明,市區道路,40,單路部分,直路,路段,慢車道,柏油,乾燥,突出(高低)不平,無障礙物,良好,良好,無號誌,無號誌,中央分向島,寛式(50公分以上),未繪設車道線,寛式快慢車道分隔島(50公分以上),無,汽(機)車本身,路上翻車、摔倒,駕駛人,未注意車前狀態,死亡0;受傷2,1,機車,普通重型,女,18,戴安全帽或繫安全帶(使用幼童安全椅),未使用,車的狀態,右轉彎,其他,不明,其他,不明,駕駛人,未注意車前狀態,否,120.314986,22.652768
2022,3,20220322,205200,A2,高雄市政府警察局,高雄市三民區村熱河一街 / 高雄市三民區大連街,晴,夜間(或隧道、地下道、涵洞)有照明,市區道路,40,交岔路,四岔路,交叉路口,交叉路口內,柏油,乾燥,無缺陷,無障礙物,良好,良好,行車管制號誌,正常,無,無分向設施,未繪設車道線,未繪設快慢車道分隔線,無,車與車,同向擦撞,駕駛人,變換車道或方向不當,死亡0;受傷2,1,機車,普通重型,女,57,戴安全帽或繫安全帶(使用幼童安全椅),未使用,車的狀態,向左變換車道,機車,左側車身,機車,左側車身,駕駛人,變換車道或方向不當,否,120.305108,22.64383
2022,3,20220322,205700,A2,高雄市政府警察局,高雄市三民區大順一路 / 高雄市三民區河堤南路,晴,夜間(或隧道、地下道、涵洞)有照明,市區道路,40,交岔路,四岔路,交叉路口,交叉路口內,柏油,乾燥,無缺陷,無障礙物,良好,良好,行車管制號誌,正常,雙向禁止超車線,無標記,車道線(無標記),快慢車道分隔線,無,車與車,追撞,駕駛人,未保持行車安全距離,死亡0;受傷2,1,機車,普通重型,女,64,戴安全帽或繫安全帶(使用幼童安全椅),未使用,車的狀態,向前直行中,機車,前車頭,機車,前車頭,駕駛人,未保持行車安全距離,否,120.312636,22.655942
2022,3,20220323,53000,A2,國道公路警察局,高雄市三民區國道1號 363公里900.0公尺處北側向輔助,晴,夜間(或隧道、地下道、涵洞)有照明,國道,100,單路部分,直路,路段,快車道,柏油,乾燥,無缺陷,無障礙物,良好,良好,無號誌,無號誌,中央分向島,寛式(50公分以上),車道線(附標記),未繪設快慢車道分隔線,有,車與車,追撞,駕駛人,未注意車前狀態,死亡0;受傷1,1,小客車,自用,男,71,戴安全帽或繫安全帶(使用幼童安全椅),未使用,車的狀態,靜止(引擎熄火),汽車,左前車頭(身),,,駕駛人,未注意車前狀態,否,120.333205,22.656458
2022,3,20220323,65200,A2,高雄市政府警察局,高雄市三民區中華二路 / 高雄市三民區中原街,晴,日間自然光線,市區道路,40,交岔路,三岔路,交叉路口,交叉口附近,柏油,乾燥,無缺陷,無障礙物,良好,良好,無號誌,無號誌,中央分向島,寛式(50公分以上),車道線(無標記),寛式快慢車道分隔島(50公分以上),無,車與車,側撞,駕駛人,右轉彎未依規定,死亡0;受傷2,1,慢車,腳踏自行車,女,70,戴安全帽或繫安全帶(使用幼童安全椅),未使用,車的狀態,右轉彎,其他,非汽(機)車,其他,非汽(機)車,駕駛人,右轉彎未依規定,否,120.291401,22.641307
2022,3,20220323,92600,A2,高雄市政府警察局,高雄市三民區九如一路461號前0.0公尺,陰,日間自然光線,市區道路,40,單路部分,直路,路段,慢車道,柏油,乾燥,無缺陷,無障礙物,良好,良好,行車管制號誌,正常,中央分向島,寛式(50公分以上),車道線(無標記),快慢車道分隔線,無,車與車,追撞,駕駛人,未保持行車安全距離,死亡0;受傷1,1,機車,普通重型,男,35,戴安全帽或繫安全帶(使用幼童安全椅),使用手持或有礙駕駛安全,車的狀態,向前直行中,機車,前車頭,機車,左側車身,駕駛人,未保持行車安全距離,否,120.329613,22.638714
2022,3,20220323,95000,A2,高雄市政府警察局,高雄市三民區大豐一路 / 高雄市三民區大興街,雨,日間自然光線,市區道路,30,交岔路,四岔路,交叉路口,交叉路口內,柏油,濕潤,無缺陷,無障礙物,良好,良好,無號誌,無號誌,無,無分向設施,未繪設車道線,未繪設快慢車道分隔線,無,車與車,路口交岔撞,駕駛人,未依規定讓車,死亡0;受傷1,1,機車,普通重型,男,74,戴安全帽或繫安全帶(使用幼童安全椅),未使用,車的狀態,向前直行中,機車,前車頭,機車,前車頭,駕駛人,未依規定讓車,否,120.3297,22.65558
2022,3,20220323,110500,A2,高雄市政府警察局,高雄市三民區村大順二路46巷8號前0.0公尺,陰,日間自然光線,市區道路,30,單路部分,直路,路段,一般車道(未劃分快慢車道),柏油,濕潤,無缺陷,無障礙物,良好,良好,無號誌,無號誌,無,無分向設施,未繪設車道線,未繪設快慢車道分隔線,無,車與車,追撞,裝載,裝載貨物不穩妥,死亡0;受傷1,1,小貨車(含客、貨兩用),自用,男,53,戴安全帽或繫安全帶(使用幼童安全椅),未使用,車的狀態,靜止(引擎熄火),其他,不明,其他,不明,裝載,裝載貨物不穩妥,否,120.328169,22.640317
2022,3,20220323,115300,A2,高雄市政府警察局,高雄市三民區村鐵道街 / 高雄市三民區九如一路,雨,日間自然光線,市區道路,30,交岔路,三岔路,交叉路口,交叉口附近,柏油,濕潤,無缺陷,無障礙物,良好,良好,無號誌,無號誌,無,無分向設施,車道線(無標記),未繪設快慢車道分隔線,無,車與車,側撞,駕駛人,未依規定讓車,死亡0;受傷1,1,機車,普通重型,女,25,戴安全帽或繫安全帶(使用幼童安全椅),未使用,車的狀態,右轉彎,其他,不明,其他,不明,駕駛人,未依規定讓車,否,120.342101,22.634515
2022,3,20220323,121000,A2,高雄市政府警察局,高雄市三民區鼎山街332號前0.0公尺,雨,日間自然光線,市區道路,40,單路部分,直路,路段,慢車道,柏油,濕潤,無缺陷,無障礙物,良好,良好,無號誌,無號誌,中央分向島,寛式(50公分以上),車道線(無標記),快慢車道分隔線,無,車與車,追撞,駕駛人,未注意車前狀態,死亡0;受傷1,1,機車,普通重型,女,43,戴安全帽或繫安全帶(使用幼童安全椅),未使用,車的狀態,向前直行中,機車,前車頭,機車,前車頭,駕駛人,未注意車前狀態,否,120.321411,22.657602
2022,3,20220323,122700,A2,高雄市政府警察局,高雄市三民區建國一路 / 高雄市三民區民族一路,雨,日間自然光線,市區道路,40,交岔路,四岔路,交叉路口,交叉路口內,柏油,濕潤,無缺陷,無障礙物,良好,良好,行車管制號誌,正常,無,無分向設施,未繪設車道線,未繪設快慢車道分隔線,無,車與車,其他,駕駛人,未保持行車安全間隔,死亡0;受傷2,1,機車,普通重型,男,58,戴安全帽或繫安全帶(使用幼童安全椅),未使用,車的狀態,其他,機車,右側車身,機車,右側車身,駕駛人,未保持行車安全間隔,否,120.313692,22.637239
2022,3,20220323,141200,A2,高雄市政府警察局,高雄市三民區建國三路 / 高雄市三民區南台路,雨,日間自然光線,市區道路,40,交岔路,三岔路,交叉路口,交叉路口內,柏油,濕潤,無缺陷,無障礙物,良好,良好,行車管制號誌,正常,雙向禁止超車線,無標記,未繪設車道線,快慢車道分隔線,無,車與車,路口交岔撞,駕駛人,違反號誌管制或指揮,死亡0;受傷2,1,機車,普通重型,男,66,戴安全帽或繫安全帶(使用幼童安全椅),未使用,車的狀態,向前直行中,機車,前車頭,機車,前車頭,駕駛人,違反號誌管制或指揮,否,120.297939,22.63787
2022,3,20220323,191300,A2,高雄市政府警察局,高雄市三民區中華二路 / 高雄市三民區中華二路,雨,夜間(或隧道、地下道、涵洞)有照明,市區道路,40,交岔路,三岔路,交叉路口,交叉路口內,柏油,濕潤,無缺陷,無障礙物,良好,良好,無號誌,無號誌,中央分向島,寛式(50公分以上),車道線(無標記),寛式快慢車道分隔島(50公分以上),無,車與車,其他,駕駛人,未依規定讓車,死亡0;受傷1,1,小客車,自用,男,44,戴安全帽或繫安全帶(使用幼童安全椅),未使用,車的狀態,右轉彎,汽車,右後車尾(身),汽車,右後車尾(身),駕駛人,未依規定讓車,否,120.291137,22.642824
2022,3,20220323,194400,A2,高雄市政府警察局,高雄市三民區九如二路 / 高雄市三民區博愛一路,雨,夜間(或隧道、地下道、涵洞)有照明,市區道路,40,交岔路,四岔路,交叉路口,交叉路口內,柏油,濕潤,無缺陷,無障礙物,良好,良好,行車管制號誌,正常,無,無分向設施,未繪設車道線,未繪設快慢車道分隔線,無,車與車,其他,駕駛人,未依規定讓車,死亡0;受傷1,1,小客車,租賃車,女,24,戴安全帽或繫安全帶(使用幼童安全椅),未使用,車的狀態,右轉彎,汽車,右側車身,汽車,右側車身,駕駛人,未依規定讓車,否,120.302508,22.641245
2022,3,20220323,225100,A2,高雄市政府警察局,高雄市三民區民族一路 / 高雄市三民區大順一路,雨,夜間(或隧道、地下道、涵洞)有照明,市區道路,60,交岔路,四岔路,交叉路口,交叉路口內,柏油,濕潤,無缺陷,無障礙物,良好,良好,行車管制號誌,正常,無,無分向設施,未繪設車道線,未繪設快慢車道分隔線,無,車與車,側撞,駕駛人,違反特定標誌(線)禁制,死亡0;受傷1,1,小客車,自用,男,17,戴安全帽或繫安全帶(使用幼童安全椅),未使用,車的狀態,右轉彎,汽車,右前車頭(身),汽車,右前車頭(身),駕駛人,違反特定標誌(線)禁制,否,120.315298,22.655454
2022,3,20220324,74300,A2,高雄市政府警察局,高雄市三民區大裕路前0.0公尺,雨,日間自然光線,市區道路,50,單路部分,彎曲路及附近,路段,快車道,柏油,濕潤,無缺陷,無障礙物,良好,良好,無號誌,無號誌,雙向禁止超車線,無標記,車道線(無標記),未繪設快慢車道分隔線,有,汽(機)車本身,路上翻車、摔倒,駕駛人,未注意車前狀態,死亡0;受傷1,1,機車,普通重型,女,20,戴安全帽或繫安全帶(使用幼童安全椅),未使用,車的狀態,向前直行中,機車,左側車身,機車,左側車身,駕駛人,未注意車前狀態,否,120.328522,22.66273
2022,3,20220324,80900,A2,高雄市政府警察局,高雄市三民區九如三路 / 高雄市三民區美都路,陰,日間自然光線,市區道路,40,交岔路,四岔路,交叉路口,交叉路口內,柏油,濕潤,無缺陷,無障礙物,良好,良好,行車管制號誌,正常,無,無分向設施,未繪設車道線,未繪設快慢車道分隔線,無,車與車,側撞,駕駛人,左轉彎未依規定,死亡0;受傷1,1,機車,普通重型,女,52,戴安全帽或繫安全帶(使用幼童安全椅),未使用,車的狀態,左轉彎,其他,不明,其他,不明,駕駛人,左轉彎未依規定,否,120.287831,22.64328
2022,3,20220324,83200,A2,高雄市政府警察局,高雄市三民區村民族一路安吉026燈桿號前0.0公尺前,陰,日間自然光線,市區道路,40,單路部分,直路,路段,慢車道,柏油,濕潤,無缺陷,無障礙物,良好,良好,無號誌,無號誌,中央分向島,窄式附柵欄,車道線(無標記),寛式快慢車道分隔島(50公分以上),無,車與車,追撞,駕駛人,酒醉(後)駕駛失控,死亡0;受傷2,1,機車,普通重型,男,26,戴安全帽或繫安全帶(使用幼童安全椅),未使用,車的狀態,向前直行中,機車,前車頭,機車,前車頭,駕駛人,酒醉(後)駕駛失控,否,120.3147,22.64532
2022,3,20220324,85000,A2,高雄市政府警察局,高雄市三民區中華二路 / 高雄市三民區中華二路,晴,日間自然光線,市區道路,40,交岔路,三岔路,交叉路口,交叉口附近,柏油,乾燥,無缺陷,無障礙物,良好,良好,無號誌,無號誌,中央分向島,寛式(50公分以上),車道線(無標記),寛式快慢車道分隔島(50公分以上),無,車與車,其他,駕駛人,未保持行車安全距離,死亡0;受傷1,1,機車,普通重型,男,40,戴安全帽或繫安全帶(使用幼童安全椅),未使用,車的狀態,向前直行中,機車,前車頭,機車,前車頭,駕駛人,未保持行車安全距離,否,120.292086,22.648272
2022,3,20220324,94800,A2,高雄市政府警察局,高雄市三民區明誠二路 / 高雄市三民區河堤路,陰,日間自然光線,市區道路,40,交岔路,四岔路,交叉路口,交叉路口內,柏油,濕潤,無缺陷,無障礙物,良好,良好,行車管制號誌(附設行人專用號誌),正常,雙向禁止超車線,無標記,車道線(無標記),快慢車道分隔線,有,車與車,側撞,駕駛人,違反號誌管制或指揮,死亡0;受傷1,1,機車,普通重型,男,27,戴安全帽或繫安全帶(使用幼童安全椅),未使用,車的狀態,向前直行中,機車,前車頭,機車,前車頭,駕駛人,違反號誌管制或指揮,否,120.311947,22.660425
2022,3,20220324,103500,A2,高雄市政府警察局,高雄市三民區昌富街 / 高雄市三民區昌裕街,陰,日間自然光線,市區道路,30,交岔路,四岔路,交叉路口,交叉路口內,柏油,濕潤,無缺陷,無障礙物,良好,良好,無號誌,無號誌,無,無分向設施,未繪設車道線,未繪設快慢車道分隔線,無,車與車,路口交岔撞,駕駛人,未依規定讓車,死亡0;受傷2,1,機車,普通重型,女,69,戴安全帽或繫安全帶(使用幼童安全椅),未使用,車的狀態,向前直行中,機車,前車頭,機車,前車頭,駕駛人,未依規定讓車,否,120.33183,22.657057
2022,3,20220324,103900,A2,高雄市政府警察局,高雄市三民區鼎中路 / 高雄市三民區鼎中路,晴,日間自然光線,市區道路,50,交岔路,三岔路,交叉路口,交叉口附近,柏油,乾燥,無缺陷,無障礙物,良好,良好,無號誌,無號誌,行車分向線,無標記,未繪設車道線,未繪設快慢車道分隔線,有,車與車,側撞,駕駛人,未依規定讓車,死亡0;受傷1,1,小客車,自用,男,58,戴安全帽或繫安全帶(使用幼童安全椅),未使用,車的狀態,右轉彎,汽車,右前車頭(身),汽車,右前車頭(身),駕駛人,未依規定讓車,否,120.324511,22.664939
2022,3,20220324,124600,A2,高雄市政府警察局,高雄市三民區村大港街 / 高雄市三民區無名路,陰,日間自然光線,市區道路,40,交岔路,四岔路,交叉路口,交叉路口內,柏油,乾燥,無缺陷,無障礙物,良好,良好,無號誌,無號誌,雙向禁止超車線,無標記,未繪設車道線,未繪設快慢車道分隔線,無,車與車,路口交岔撞,駕駛人,未依規定讓車,死亡0;受傷1,1,慢車,微型電動二輪車,女,40,戴安全帽或繫安全帶(使用幼童安全椅),未使用,車的狀態,向前直行中,其他,非汽(機)車,其他,非汽(機)車,駕駛人,未依規定讓車,否,120.311012,22.638429
2022,3,20220324,163400,A2,高雄市政府警察局,高雄市三民區九如一路611巷前0.0公尺,晴,日間自然光線,市區道路,30,單路部分,直路,路段,一般車道(未劃分快慢車道),柏油,乾燥,無缺陷,無障礙物,良好,良好,行車管制號誌,正常,中央分向島,寛式(50公分以上),車道線(無標記),未繪設快慢車道分隔線,無,車與車,其他,駕駛人,未保持行車安全距離,死亡0;受傷2,1,機車,普通重型,男,45,戴安全帽或繫安全帶(使用幼童安全椅),未使用,車的狀態,向前直行中,機車,前車頭,機車,前車頭,駕駛人,未保持行車安全距離,否,120.325028,22.637502
2022,3,20220324,205500,A2,高雄市政府警察局,高雄市三民區鼎中路 / 高雄市三民區天祥一路,晴,夜間(或隧道、地下道、涵洞)有照明,市區道路,50,交岔路,四岔路,交叉路口,交叉路口內,柏油,乾燥,無缺陷,無障礙物,良好,良好,行車管制號誌,正常,無,無分向設施,未繪設車道線,未繪設快慢車道分隔線,無,車與車,路口交岔撞,駕駛人,違反號誌管制或指揮,死亡0;受傷1,1,小客車,自用,女,58,戴安全帽或繫安全帶(使用幼童安全椅),未使用,車的狀態,向前直行中,汽車,前車頭,汽車,前車頭,駕駛人,違反號誌管制或指揮,否,120.319746,22.667513
2022,3,20220325,5100,A2,高雄市政府警察局,高雄市三民區河北一路 / 高雄市三民區林森一路,晴,日間自然光線,市區道路,50,交岔路,四岔路,交叉路口,交叉路口內,柏油,乾燥,無缺陷,無障礙物,良好,良好,無號誌,無號誌,無,無分向設施,未繪設車道線,未繪設快慢車道分隔線,無,車與車,其他,駕駛人,未依規定讓車,死亡0;受傷1,1,小客車,自用,男,25,戴安全帽或繫安全帶(使用幼童安全椅),未使用,車的狀態,左轉彎,汽車,左後車尾(身),汽車,左後車尾(身),駕駛人,未依規定讓車,否,120.305111,22.63663
2022,3,20220325,64500,A2,高雄市政府警察局,高雄市三民區大豐二路 / 高雄市三民區建武路,晴,日間自然光線,市區道路,30,交岔路,四岔路,交叉路口,交叉路口內,柏油,乾燥,無缺陷,無障礙物,良好,良好,無號誌,無號誌,雙向禁止超車線,無標記,未繪設車道線,快慢車道分隔線,無,車與車,路口交岔撞,駕駛人,未依規定讓車,死亡0;受傷2,1,機車,普通重型,男,73,戴安全帽或繫安全帶(使用幼童安全椅),未使用,車的狀態,向前直行中,機車,右側車身,機車,右側車身,駕駛人,未依規定讓車,否,120.330621,22.645687
2022,3,20220325,72800,A2,高雄市政府警察局,高雄市三民區覺民路 / 高雄市三民區覺民路,晴,日間自然光線,市區道路,50,交岔路,四岔路,交叉路口,交叉口附近,柏油,乾燥,無缺陷,無障礙物,良好,良好,行車管制號誌,正常,雙向禁止超車線,無標記,未繪設車道線,快慢車道分隔線,無,車與車,其他,駕駛人,違反號誌管制或指揮,死亡0;受傷2,1,機車,普通重型,男,18,戴安全帽或繫安全帶(使用幼童安全椅),未使用,車的狀態,其他,機車,右側車身,機車,右側車身,駕駛人,違反號誌管制或指揮,否,120.336755,22.640051
2022,3,20220325,73600,A2,高雄市政府警察局,高雄市三民區臥龍路 / 高雄市三民區克強路,晴,日間自然光線,市區道路,30,交岔路,四岔路,交叉路口,交叉路口內,柏油,乾燥,無缺陷,無障礙物,良好,良好,無號誌,無號誌,無,無分向設施,未繪設車道線,未繪設快慢車道分隔線,無,車與車,路口交岔撞,駕駛人,未依規定讓車,死亡0;受傷2,1,機車,普通重型,女,55,戴安全帽或繫安全帶(使用幼童安全椅),未使用,車的狀態,向前直行中,機車,右側車身,機車,前車頭,駕駛人,未依規定讓車,否,120.329499,22.637208
2022,3,20220325,82000,A2,高雄市政府警察局,高雄市三民區哈爾濱街 / 高雄市三民區熱河二街,晴,日間自然光線,市區道路,50,交岔路,四岔路,交叉路口,交叉路口內,柏油,乾燥,無缺陷,無障礙物,良好,良好,行車管制號誌,正常,無,無分向設施,未繪設車道線,未繪設快慢車道分隔線,無,車與車,同向擦撞,駕駛人,左轉彎未依規定,死亡0;受傷2,1,機車,普通重型,男,44,戴安全帽或繫安全帶(使用幼童安全椅),未使用,車的狀態,左轉彎,機車,左側車身,機車,左側車身,駕駛人,左轉彎未依規定,否,120.299688,22.644233
2022,3,20220325,85000,A2,高雄市政府警察局,高雄市三民區自由一路100號前0.0公尺,晴,日間自然光線,市區道路,50,單路部分,直路,路段,一般車道(未劃分快慢車道),柏油,乾燥,無缺陷,無障礙物,良好,良好,無號誌,無號誌,雙向禁止超車線,無標記,車道線(無標記),未繪設快慢車道分隔線,無,車與車,追撞,駕駛人,未保持行車安全距離,死亡0;受傷2,1,機車,普通重型,女,46,戴安全帽或繫安全帶(使用幼童安全椅),未使用,車的狀態,向前直行中,機車,前車頭,機車,前車頭,駕駛人,未保持行車安全距離,否,120.308861,22.645456
2022,3,20220325,85200,A2,高雄市政府警察局,高雄市三民區九如一路前0.0公尺,晴,日間自然光線,市區道路,50,單路部分,直路,路段,一般車道(未劃分快慢車道),柏油,乾燥,無缺陷,無障礙物,良好,良好,行車管制號誌,正常,中央分向島,寛式(50公分以上),車道線(無標記),未繪設快慢車道分隔線,無,車與車,追撞,駕駛人,未注意車前狀態,死亡0;受傷3,1,機車,普通重型,男,22,戴安全帽或繫安全帶(使用幼童安全椅),未使用,車的狀態,向前直行中,機車,前車頭,機車,前車頭,駕駛人,未注意車前狀態,否,120.32554,22.639448
2022,3,20220325,114300,A2,高雄市政府警察局,高雄市三民區村大順二路 / 高雄市三民區大順二路,晴,日間自然光線,市區道路,40,交岔路,四岔路,交叉路口,交叉路口內,柏油,乾燥,無缺陷,無障礙物,不良,其他,無號誌,無號誌,中央分向島,寛式(50公分以上),車道線(無標記),未繪設快慢車道分隔線,無,車與車,路口交岔撞,駕駛人,起步未注意其他車(人)安全,死亡0;受傷1,1,機車,普通重型,女,65,戴安全帽或繫安全帶(使用幼童安全椅),未使用,車的狀態,起步,機車,左側車身,機車,左側車身,駕駛人,起步未注意其他車(人)安全,否,120.326786,22.64278
2022,3,20220325,115000,A2,高雄市政府警察局,高雄市三民區十全二路 / 高雄市三民區自立一路,晴,日間自然光線,市區道路,40,交岔路,四岔路,交叉路口,交叉路口內,柏油,乾燥,無缺陷,無障礙物,良好,良好,行車管制號誌,正常,雙向禁止超車線,無標記,車道線(無標記),未繪設快慢車道分隔線,無,車與車,其他,駕駛人,違反號誌管制或指揮,死亡0;受傷1,1,機車,普通重型,女,49,戴安全帽或繫安全帶(使用幼童安全椅),未使用,車的狀態,向前直行中,機車,左側車身,機車,左側車身,駕駛人,違反號誌管制或指揮,否,120.296545,22.645885
2022,3,20220325,153400,A2,高雄市政府警察局,高雄市三民區村大順一路 / 高雄市三民區河堤路,晴,日間自然光線,市區道路,50,交岔路,四岔路,交叉路口,交叉路口內,柏油,乾燥,無缺陷,無障礙物,良好,良好,行車管制號誌,正常,無,無分向設施,未繪設車道線,未繪設快慢車道分隔線,無,車與車,同向擦撞,駕駛人,未保持行車安全間隔,死亡0;受傷1,1,小客車,自用,男,69,戴安全帽或繫安全帶(使用幼童安全椅),未使用,車的狀態,向前直行中,汽車,右前車頭(身),汽車,右前車頭(身),駕駛人,未保持行車安全間隔,否,120.324066,22.649749
2022,3,20220325,173500,A2,高雄市政府警察局,高雄市三民區九如一路909號前0.0公尺,晴,日間自然光線,市區道路,40,單路部分,直路,路段,慢車道,柏油,乾燥,無缺陷,無障礙物,良好,良好,無號誌,無號誌,中央分向島,寛式(50公分以上),車道線(無標記),快慢車道分隔線,無,車與車,其他,駕駛人,未保持行車安全間隔,死亡0;受傷1,1,機車,普通重型,女,76,戴安全帽或繫安全帶(使用幼童安全椅),未使用,車的狀態,向前直行中,其他,不明,其他,不明,駕駛人,未保持行車安全間隔,否,120.315714,22.640141
2022,3,20220325,175500,A2,高雄市政府警察局,高雄市三民區鼎強街461巷12弄6號前0.0公尺,晴,日間自然光線,市區道路,30,單路部分,彎曲路及附近,路段,一般車道(未劃分快慢車道),柏油,乾燥,無缺陷,無障礙物,良好,良好,無號誌,無號誌,無,無分向設施,未繪設車道線,未繪設快慢車道分隔線,無,車與車,同向擦撞,駕駛人,未靠右行駛,死亡0;受傷3,1,機車,普通重型,女,52,戴安全帽或繫安全帶(使用幼童安全椅),未使用,車的狀態,向前直行中,機車,前車頭,機車,前車頭,駕駛人,未靠右行駛,否,120.325637,22.671319
2022,3,20220325,194600,A2,高雄市政府警察局,高雄市三民區褒揚東街 / 高雄市三民區文安南街,晴,夜間(或隧道、地下道、涵洞)有照明,市區道路,50,交岔路,四岔路,交叉路口,交叉路口內,柏油,乾燥,無缺陷,無障礙物,良好,良好,行車管制號誌,正常,雙向禁止超車線,無標記,未繪設車道線,未繪設快慢車道分隔線,無,車與車,側撞,駕駛人,違規超車,死亡0;受傷1,1,機車,普通重型,男,20,戴安全帽或繫安全帶(使用幼童安全椅),未使用,車的狀態,向前直行中,機車,左側車身,機車,左側車身,駕駛人,違規超車,否,120.3471,22.64002
2022,3,20220325,204500,A2,高雄市政府警察局,高雄市三民區中華三路 / 高雄市三民區三鳳中街,陰,夜間(或隧道、地下道、涵洞)有照明,市區道路,40,交岔路,三岔路,交叉路口,交叉口附近,柏油,乾燥,無缺陷,無障礙物,良好,良好,無號誌,無號誌,行車分向線,無標記,車道線(無標記),快慢車道分隔線,無,車與車,同向擦撞,駕駛人,未保持行車安全間隔,死亡0;受傷2,1,小客車,自用,女,22,戴安全帽或繫安全帶(使用幼童安全椅),未使用,車的狀態,向前直行中,汽車,右前車頭(身),汽車,右前車頭(身),駕駛人,未保持行車安全間隔,否,120.29281,22.637325