發生年度,發生月份,發生日期,發生時間,事故類別名稱,處理單位名稱警局層,發生地點,天候名稱,光線名稱,道路類別-第1當事者-名稱,速限-第1當事者,道路型態大類別名稱,道路型態子類別名稱,事故位置大類別名稱,事故位置子類別名稱,路面狀況-路面鋪裝名稱,路面狀況-路面狀態名稱,路面狀況-路面缺陷名稱,道路障礙-障礙物名稱,道路障礙-視距品質名稱,道路障礙-視距名稱,號誌-號誌種類名稱,號誌-號誌動作名稱,車道劃分設施-分向設施大類別名稱,車道劃分設施-分向設施子類別名稱,車道劃分設施-分道設施-快車道或一般車道間名稱,車道劃分設施-分道設施-快慢車道間名稱,車道劃分設施-分道設施-路面邊線名稱,事故類型及型態大類別名稱,事故類型及型態子類別名稱,肇因研判大類別名稱-主要,肇因研判子類別名稱-主要,死亡受傷人數,當事者順位,當事者區分-類別-大類別名稱-車種,當事者區分-類別-子類別名稱-車種,當事者屬-性-別名稱,當事者事故發生時年齡,保護裝備名稱,行動電話或電腦或其他相類功能裝置名稱,當事者行動狀態大類別名稱,當事者行動狀態子類別名稱,車輛撞擊部位大類別名稱-最初,車輛撞擊部位子類別名稱-最初,車輛撞擊部位大類別名稱-其他,車輛撞擊部位子類別名稱-其他,肇因研判大類別名稱-個別,肇因研判子類別名稱-個別,肇事逃逸類別名稱-是否肇逃,經度,緯度
2022,2,20220210,200000,A2,高雄市政府警察局,高雄市三民區村大裕路 / 高雄市三民區大裕路,晴,夜間(或隧道、地下道、涵洞)有照明,市區道路,50,交岔路,三岔路,交叉路口,交叉路口內,柏油,乾燥,無缺陷,無障礙物,良好,良好,無號誌,無號誌,行車分向線,無標記,車道線(無標記),快慢車道分隔線,無,車與車,同向擦撞,駕駛人,未注意車前狀態,死亡0;受傷1,1,機車,普通重型,男,26,戴安全帽或繫安全帶(使用幼童安全椅),未使用,車的狀態,向前直行中,機車,前車頭,機車,前車頭,駕駛人,未注意車前狀態,否,120.30152,22.62716
2022,2,20220210,201500,A2,高雄市政府警察局,高雄市三民區天祥一路 / 高雄市三民區天祥一路,晴,日間自然光線,市區道路,30,交岔路,四岔路,交叉路口,交叉口附近,柏油,乾燥,無缺陷,無障礙物,良好,良好,無號誌,無號誌,行車分向線,無標記,車道線(無標記),快慢車道分隔線,無,車與車,其他,駕駛人,起步未注意其他車(人)安全,死亡0;受傷3,1,機車,普通重型,女,47,戴安全帽或繫安全帶(使用幼童安全椅),未使用,車的狀態,起步,機車,右側車身,機車,右側車身,駕駛人,起步未注意其他車(人)安全,否,120.320377,22.667374
2022,2,20220210,213900,A2,高雄市政府警察局,高雄市三民區村九如一路 / 高雄市三民區堯山街,晴,日間自然光線,市區道路,50,交岔路,三岔路,交叉路口,交叉口附近,柏油,乾燥,無缺陷,無障礙物,良好,良好,行車管制號誌,正常,中央分向島,寛式(50公分以上),車道線(無標記),快慢車道分隔線,無,車與車,追撞,駕駛人,未保持行車安全距離,死亡0;受傷1,1,機車,普通重型,男,45,戴安全帽或繫安全帶(使用幼童安全椅),未使用,車的狀態,向前直行中,其他,不明,其他,不明,駕駛人,未保持行車安全距離,否,120.316328,22.640168
2022,2,20220210,235100,A2,高雄市政府警察局,高雄市三民區熱河一街 / 高雄市三民區瀋陽街,晴,夜間(或隧道、地下道、涵洞)有照明,市區道路,50,交岔路,四岔路,交叉路口,交叉路口內,柏油,乾燥,無缺陷,無障礙物,良好,良好,行車管制號誌,正常,雙向禁止超車線,無標記,未繪設車道線,未繪設快慢車道分隔線,無,車與車,其他,駕駛人,未依規定讓車,死亡0;受傷1,1,機車,普通重型,女,22,戴安全帽或繫安全帶(使用幼童安全椅),未使用,車的狀態,左轉彎,機車,前車頭,機車,前車頭,駕駛人,未依規定讓車,否,120.307433,22.64368
2022,2,20220211,32000,A2,高雄市政府警察局,高雄市三民區大順二路468號前0.0公尺,晴,夜間(或隧道、地下道、涵洞)有照明,市區道路,30,單路部分,直路,路段,一般車道(未劃分快慢車道),柏油,乾燥,無缺陷,無障礙物,良好,良好,無號誌,無號誌,無,無分向設施,未繪設車道線,未繪設快慢車道分隔線,無,汽(機)車本身,其他,駕駛人,未注意車前狀態,死亡0;受傷1,1,小客車,自用,女,32,戴安全帽或繫安全帶(使用幼童安全椅),未使用,車的狀態,向前直行中,汽車,右前車頭(身),汽車,右前車頭(身),駕駛人,未注意車前狀態,否,120.324979,22.649369
2022,2,20220211,71600,A2,高雄市政府警察局,高雄市三民區大豐二路 / 高雄市三民區大豐二路,晴,日間自然光線,市區道路,40,交岔路,四岔路,交叉路口,交叉路口內,柏油,乾燥,無缺陷,無障礙物,良好,良好,無號誌,無號誌,雙向禁止超車線,無標記,未繪設車道線,快慢車道分隔線,無,車與車,側撞,駕駛人,迴轉未依規定,死亡0;受傷1,1,小貨車(含客、貨兩用),自用,女,38,戴安全帽或繫安全帶(使用幼童安全椅),未使用,車的狀態,迴轉或橫越道路中,汽車,左後車尾(身),汽車,左後車尾(身),駕駛人,迴轉未依規定,否,120.333756,22.646026
2022,2,20220211,83000,A2,高雄市政府警察局,高雄市三民區村美都路三民46011號前0.0公尺,晴,日間自然光線,市區道路,40,單路部分,直路,路段,慢車道,柏油,乾燥,無缺陷,無障礙物,良好,良好,無號誌,無號誌,中央分向島,寛式(50公分以上),未繪設車道線,快慢車道分隔線,無,車與車,其他,駕駛人,未注意車前狀態,死亡0;受傷1,1,機車,普通重型,男,78,戴安全帽或繫安全帶(使用幼童安全椅),未使用,車的狀態,向前直行中,機車,前車頭,機車,前車頭,駕駛人,未注意車前狀態,否,120.288169,22.646995
2022,2,20220211,111000,A2,高雄市政府警察局,高雄市三民區大昌二路 / 高雄市三民區春陽街,晴,日間自然光線,市區道路,50,交岔路,四岔路,交叉路口,交叉路口內,柏油,乾燥,無缺陷,無障礙物,良好,良好,行車管制號誌,正常,雙向禁止超車線,無標記,未繪設車道線,快慢車道分隔線,有,車與車,追撞,駕駛人,左轉彎未依規定,死亡0;受傷1,1,機車,普通輕型,男,83,戴安全帽或繫安全帶(使用幼童安全椅),未使用,車的狀態,左轉彎,機車,後車尾,機車,後車尾,駕駛人,左轉彎未依規定,否,120.331972,22.646908
2022,2,20220211,111800,A2,高雄市政府警察局,高雄市三民區村建工路 / 高雄市三民區昌裕街,晴,日間自然光線,市區道路,50,交岔路,四岔路,交叉路口,交叉口附近,柏油,乾燥,無缺陷,無障礙物,良好,良好,行車管制號誌(附設行人專用號誌),正常,雙向禁止超車線,無標記,車道線(無標記),快慢車道分隔線,無,車與車,追撞,駕駛人,未保持行車安全距離,死亡0;受傷2,1,機車,普通重型,女,57,戴安全帽或繫安全帶(使用幼童安全椅),未使用,車的狀態,向前直行中,機車,右側車身,機車,右側車身,駕駛人,未保持行車安全距離,否,120.328599,22.651943
2022,2,20220211,113000,A2,高雄市政府警察局,高雄市三民區大德街 / 高雄市三民區大德街,晴,日間自然光線,市區道路,30,交岔路,三岔路,交叉路口,交叉路口內,柏油,乾燥,無缺陷,無障礙物,良好,良好,無號誌,無號誌,行車分向線,無標記,未繪設車道線,未繪設快慢車道分隔線,無,車與車,路口交岔撞,駕駛人,未依規定讓車,死亡0;受傷1,1,機車,普通重型,男,67,戴安全帽或繫安全帶(使用幼童安全椅),未使用,車的狀態,其他,其他,不明,其他,不明,駕駛人,未依規定讓車,否,120.331734,22.656007
2022,2,20220211,114500,A2,高雄市政府警察局,高雄市三民區寧夏街1巷34號前0.0公尺,晴,日間自然光線,市區道路,0,單路部分,直路,路段,一般車道(未劃分快慢車道),柏油,乾燥,無缺陷,無障礙物,良好,良好,無號誌,無號誌,無,無分向設施,未繪設車道線,未繪設快慢車道分隔線,無,車與車,側撞,駕駛人,起步未注意其他車(人)安全,死亡0;受傷2,1,機車,普通輕型,女,25,戴安全帽或繫安全帶(使用幼童安全椅),未使用,車的狀態,起步,機車,左側車身,機車,左側車身,駕駛人,起步未注意其他車(人)安全,否,120.315329,22.639254
2022,2,20220211,123000,A2,高雄市政府警察局,高雄市三民區鼎力路150號前0.0公尺,晴,日間自然光線,市區道路,50,單路部分,直路,路段,慢車道,柏油,乾燥,無缺陷,無障礙物,良好,良好,行車管制號誌,正常,中央分向島,窄式無柵欄,車道線(無標記),快慢車道分隔線,無,車與車,同向擦撞,駕駛人,變換車道或方向不當,死亡0;受傷1,1,機車,普通重型,男,66,戴安全帽或繫安全帶(使用幼童安全椅),未使用,車的狀態,向右變換車道,機車,後車尾,機車,後車尾,駕駛人,變換車道或方向不當,否,120.32213,22.66599
2022,2,20220211,143000,A2,高雄市政府警察局,高雄市三民區村民族一路390號前0.0公尺,晴,日間自然光線,市區道路,40,單路部分,直路,路段,慢車道,柏油,乾燥,無缺陷,無障礙物,良好,良好,無號誌,無號誌,中央分向島,寛式(50公分以上),車道線(無標記),寛式快慢車道分隔島(50公分以上),有,車與車,追撞,駕駛人,未保持行車安全距離,死亡0;受傷3,1,機車,普通重型,男,31,戴安全帽或繫安全帶(使用幼童安全椅),未使用,車的狀態,向前直行中,機車,前車頭,機車,前車頭,駕駛人,未保持行車安全距離,否,120.315456,22.65275
2022,2,20220211,180900,A2,高雄市政府警察局,高雄市三民區九如一路 / 高雄市三民區澄清路,晴,夜間(或隧道、地下道、涵洞)有照明,市區道路,50,交岔路,四岔路,交叉路口,交叉口附近,柏油,乾燥,無缺陷,無障礙物,良好,良好,行車管制號誌,正常,中央分向島,寛式(50公分以上),車道線(無標記),快慢車道分隔線,無,車與車,同向擦撞,其他,不明原因肇事,死亡0;受傷1,1,,,肇事逃逸尚未查獲,111,不明,不明,人的狀態,不明,其他,不明,其他,不明,其他,不明原因肇事,是,120.344514,22.636239
2022,2,20220211,192000,A2,高雄市政府警察局,高雄市三民區明誠二路 / 高雄市三民區明仁路,晴,夜間(或隧道、地下道、涵洞)有照明,市區道路,50,交岔路,四岔路,交叉路口,交叉路口內,柏油,乾燥,無缺陷,無障礙物,良好,良好,行車管制號誌,正常,無,無分向設施,未繪設車道線,未繪設快慢車道分隔線,無,車與車,側撞,駕駛人,未依規定讓車,死亡0;受傷1,1,小客車,自用,女,42,戴安全帽或繫安全帶(使用幼童安全椅),未使用,車的狀態,左轉彎,汽車,右前車頭(身),汽車,右前車頭(身),駕駛人,未依規定讓車,否,120.314369,22.660955
2022,2,20220212,84800,A2,高雄市政府警察局,高雄市三民區村愛國路37巷8號前0.0公尺,晴,日間自然光線,市區道路,30,單路部分,直路,路段,一般車道(未劃分快慢車道),柏油,乾燥,無缺陷,無障礙物,良好,良好,無號誌,無號誌,無,無分向設施,未繪設車道線,未繪設快慢車道分隔線,無,車與車,側撞,駕駛人,起步未注意其他車(人)安全,死亡0;受傷1,1,機車,普通重型,女,67,戴安全帽或繫安全帶(使用幼童安全椅),未使用,車的狀態,起步,機車,前車頭,機車,前車頭,駕駛人,起步未注意其他車(人)安全,否,120.320451,22.650008
2022,2,20220212,91000,A2,高雄市政府警察局,高雄市三民區覺民路210號前0.0公尺,晴,日間自然光線,市區道路,40,單路部分,直路,路段,慢車道,柏油,乾燥,無缺陷,無障礙物,良好,良好,無號誌,無號誌,雙向禁止超車線,無標記,未繪設車道線,快慢車道分隔線,無,車與車,追撞,駕駛人,未保持行車安全距離,死亡0;受傷1,1,機車,普通重型,女,28,戴安全帽或繫安全帶(使用幼童安全椅),未使用,車的狀態,向前直行中,機車,前車頭,機車,前車頭,駕駛人,未保持行車安全距離,否,120.339818,22.639626
2022,2,20220212,110000,A2,高雄市政府警察局,高雄市三民區建國二路 / 高雄市三民區民族一路,晴,日間自然光線,市區道路,50,交岔路,四岔路,交叉路口,交叉路口內,柏油,乾燥,無缺陷,無障礙物,良好,良好,行車管制號誌,正常,中央分向島,寛式(50公分以上),未繪設車道線,快慢車道分隔線,無,車與車,其他,駕駛人,未保持行車安全間隔,死亡0;受傷1,1,小客車,自用,男,64,戴安全帽或繫安全帶(使用幼童安全椅),未使用,車的狀態,向右變換車道,汽車,右後車尾(身),汽車,右後車尾(身),駕駛人,未保持行車安全間隔,否,120.3134,22.63715
2022,2,20220212,150300,A2,高雄市政府警察局,高雄市三民區村長明街 / 高雄市三民區大港街,晴,日間自然光線,市區道路,40,交岔路,四岔路,交叉路口,交叉路口內,柏油,乾燥,無缺陷,無障礙物,良好,良好,無號誌,無號誌,無,無分向設施,車道線(無標記),未繪設快慢車道分隔線,無,車與車,路口交岔撞,駕駛人,未依規定讓車,死亡0;受傷2,1,機車,普通重型,男,44,戴安全帽或繫安全帶(使用幼童安全椅),未使用,車的狀態,向前直行中,機車,前車頭,機車,前車頭,駕駛人,未依規定讓車,否,120.312051,22.638375
2022,2,20220212,180500,A2,高雄市政府警察局,高雄市三民區明誠一路603號前0.0公尺,晴,夜間(或隧道、地下道、涵洞)有照明,市區道路,40,單路部分,直路,路段,慢車道,柏油,乾燥,無缺陷,無障礙物,良好,良好,無號誌,無號誌,雙向禁止超車線,無標記,車道線(無標記),快慢車道分隔線,無,車與車,同向擦撞,駕駛人,未保持行車安全間隔,死亡0;受傷1,1,機車,普通重型,女,61,戴安全帽或繫安全帶(使用幼童安全椅),未使用,車的狀態,向前直行中,其他,不明,其他,不明,駕駛人,未保持行車安全間隔,否,120.318398,22.659833
2022,2,20220212,185500,A2,高雄市政府警察局,高雄市三民區陽明路460號前0.0公尺,晴,夜間(或隧道、地下道、涵洞)有照明,市區道路,50,單路部分,直路,路段,快車道,柏油,乾燥,無缺陷,無障礙物,良好,良好,無號誌,無號誌,行車分向線,無標記,未繪設車道線,快慢車道分隔線,有,車與車,其他,駕駛人,未注意車前狀態,死亡0;受傷1,1,機車,普通重型,男,28,戴安全帽或繫安全帶(使用幼童安全椅),未使用,車的狀態,向前直行中,機車,後車尾,機車,後車尾,駕駛人,未注意車前狀態,否,120.343163,22.647217
2022,2,20220212,195700,A2,高雄市政府警察局,高雄市三民區明誠一路前0.0公尺,晴,夜間(或隧道、地下道、涵洞)有照明,市區道路,40,單路部分,直路,路段,慢車道,柏油,乾燥,無缺陷,無障礙物,良好,良好,無號誌,無號誌,中央分向島,寛式(50公分以上),車道線(無標記),快慢車道分隔線,無,車與車,追撞,駕駛人,未注意車前狀態,死亡0;受傷3,1,機車,普通重型,女,28,戴安全帽或繫安全帶(使用幼童安全椅),未使用,車的狀態,向前直行中,機車,前車頭,機車,前車頭,駕駛人,未注意車前狀態,否,120.3203,22.65803
2022,2,20220212,223500,A2,高雄市政府警察局,高雄市三民區九如一路 / 高雄市三民區建武路,晴,夜間(或隧道、地下道、涵洞)有照明,市區道路,40,交岔路,三岔路,交叉路口,交叉路口內,柏油,乾燥,無缺陷,無障礙物,良好,良好,行車管制號誌(附設行人專用號誌),正常,行車分向線,附標記,車道線(附標記),快慢車道分隔線,無,車與車,路口交岔撞,駕駛人,逆向行駛,死亡0;受傷2,1,機車,普通重型,男,51,戴安全帽或繫安全帶(使用幼童安全椅),未使用,車的狀態,向前直行中,機車,前車頭,機車,前車頭,駕駛人,逆向行駛,否,120.328024,22.639211
2022,2,20220212,234300,A2,高雄市政府警察局,高雄市三民區九如一路978號前0.0公尺,晴,夜間(或隧道、地下道、涵洞)有照明,市區道路,50,單路部分,直路,路段,快車道,柏油,乾燥,無缺陷,無障礙物,良好,良好,無號誌,無號誌,中央分向島,寛式(50公分以上),車道線(無標記),快慢車道分隔線,無,車與車,側撞,駕駛人,起步未注意其他車(人)安全,死亡0;受傷1,1,小客車,自用,男,47,戴安全帽或繫安全帶(使用幼童安全椅),未使用,車的狀態,起步,汽車,左前車頭(身),汽車,左前車頭(身),駕駛人,起步未注意其他車(人)安全,否,120.316,22.64046
2022,2,20220213,51600,A2,高雄市政府警察局,高雄市三民區灣中街 / 高雄市三民區灣中街,晴,日間自然光線,市區道路,50,交岔路,三岔路,交叉路口,交叉路口內,柏油,乾燥,無缺陷,無障礙物,良好,良好,行車管制號誌,正常,雙向禁止超車線,無標記,未繪設車道線,未繪設快慢車道分隔線,有,人與汽(機)車,同向通行中,駕駛人,未注意車前狀態,死亡0;受傷1,1,機車,普通重型,男,77,戴安全帽或繫安全帶(使用幼童安全椅),未使用,車的狀態,向前直行中,機車,左側車身,機車,左側車身,駕駛人,未注意車前狀態,否,120.319122,22.649297
2022,2,20220213,74500,A2,高雄市政府警察局,高雄市三民區村民族一路前0.0公尺,陰,日間自然光線,市區道路,50,單路部分,直路,路段,快車道,柏油,濕潤,無缺陷,無障礙物,良好,良好,無號誌,無號誌,中央分向島,寛式(50公分以上),車道線(無標記),未繪設快慢車道分隔線,無,汽(機)車本身,路上翻車、摔倒,駕駛人,未依規定減速,死亡0;受傷1,1,機車,普通重型,女,20,戴安全帽或繫安全帶(使用幼童安全椅),未使用,車的狀態,向前直行中,其他,不明,其他,不明,駕駛人,未依規定減速,否,120.3139,22.64084
2022,2,20220213,90900,A2,高雄市政府警察局,高雄市三民區村宣化街152號前0.0公尺,雨,日間自然光線,市區道路,40,單路部分,直路,路段,一般車道(未劃分快慢車道),柏油,濕潤,無缺陷,無障礙物,良好,良好,無號誌,無號誌,行車分向線,無標記,未繪設車道線,未繪設快慢車道分隔線,無,汽(機)車本身,路上翻車、摔倒,駕駛人,未依規定減速,死亡0;受傷1,1,機車,普通重型,男,56,戴安全帽或繫安全帶(使用幼童安全椅),未使用,車的狀態,向前直行中,其他,不明,其他,不明,駕駛人,未依規定減速,否,120.298056,22.648742
2022,2,20220213,93400,A2,高雄市政府警察局,高雄市三民區村民族一路同德S01號前0.0公尺,晴,日間自然光線,市區道路,50,單路部分,直路,路段,一般車道(未劃分快慢車道),柏油,乾燥,無缺陷,無障礙物,良好,良好,無號誌,無號誌,無,無分向設施,車道線(無標記),未繪設快慢車道分隔線,無,汽(機)車本身,路上翻車、摔倒,駕駛人,未依規定減速,死亡0;受傷1,1,機車,普通重型,男,23,戴安全帽或繫安全帶(使用幼童安全椅),未使用,車的狀態,向前直行中,其他,不明,其他,不明,駕駛人,未依規定減速,否,120.3141,22.6396
2022,2,20220213,94100,A2,高雄市政府警察局,高雄市三民區村大豐二路 / 高雄市三民區大豐二路,晴,日間自然光線,市區道路,40,交岔路,三岔路,交叉路口,交叉路口內,柏油,乾燥,無缺陷,無障礙物,良好,良好,無號誌,無號誌,行車分向線,無標記,未繪設車道線,快慢車道分隔線,無,車與車,側撞,駕駛人,起步未注意其他車(人)安全,死亡0;受傷1,1,機車,普通重型,男,27,戴安全帽或繫安全帶(使用幼童安全椅),未使用,車的狀態,起步,機車,右側車身,機車,右側車身,駕駛人,起步未注意其他車(人)安全,否,120.334371,22.649927
2022,2,20220213,94700,A2,高雄市政府警察局,高雄市三民區自由一路 / 高雄市三民區九如二路,晴,日間自然光線,市區道路,40,交岔路,四岔路,交叉路口,交叉路口內,柏油,乾燥,無缺陷,無障礙物,良好,良好,行車管制號誌,正常,雙向禁止超車線,無標記,車道線(無標記),未繪設快慢車道分隔線,無,車與車,其他,駕駛人,未依規定讓車,死亡0;受傷1,1,小客車,自用,男,24,戴安全帽或繫安全帶(使用幼童安全椅),未使用,車的狀態,右轉彎,汽車,右前車頭(身),汽車,右前車頭(身),駕駛人,未依規定讓車,否,120.308437,22.640852
2022,2,20220213,161200,A2,高雄市政府警察局,高雄市三民區村中華二路 / 高雄市三民區十全二路,晴,日間自然光線,市區道路,50,交岔路,四岔路,交叉路口,交叉路口內,柏油,乾燥,無缺陷,無障礙物,良好,良好,行車管制號誌,正常,中央分向島,寛式(50公分以上),車道線(無標記),寛式快慢車道分隔島(50公分以上),無,車與車,側撞,駕駛人,違反號誌管制或指揮,死亡0;受傷1,1,小客車,自用,男,74,戴安全帽或繫安全帶(使用幼童安全椅),未使用,車的狀態,右轉彎,汽車,右後車尾(身),汽車,右後車尾(身),駕駛人,違反號誌管制或指揮,否,120.291974,22.646231
2022,2,20220213,185000,A2,高雄市政府警察局,高雄市三民區文濱路39號前0.0公尺,晴,夜間(或隧道、地下道、涵洞)有照明,市區道路,50,單路部分,直路,路段,一般車道(未劃分快慢車道),柏油,乾燥,無缺陷,無障礙物,良好,良好,無號誌,無號誌,雙向禁止超車線,無標記,未繪設車道線,未繪設快慢車道分隔線,無,車與車,追撞,駕駛人,未注意車前狀態,死亡0;受傷1,1,機車,普通重型,男,29,戴安全帽或繫安全帶(使用幼童安全椅),未使用,車的狀態,向前直行中,機車,前車頭,機車,前車頭,駕駛人,未注意車前狀態,否,120.348296,22.639368
2022,2,20220214,31200,A2,高雄市政府警察局,高雄市三民區村三民街 / 高雄市三民區河北二路,晴,夜間(或隧道、地下道、涵洞)有照明,市區道路,30,交岔路,三岔路,交叉路口,交叉路口內,柏油,乾燥,無缺陷,無障礙物,良好,良好,無號誌,無號誌,無,無分向設施,未繪設車道線,未繪設快慢車道分隔線,有,車與車,側撞,駕駛人,未依規定讓車,死亡0;受傷1,1,小貨車(含客、貨兩用),自用,男,72,戴安全帽或繫安全帶(使用幼童安全椅),未使用,車的狀態,右轉彎,汽車,左前車頭(身),汽車,左前車頭(身),駕駛人,未依規定讓車,否,120.292595,22.6349
2022,2,20220214,61000,A2,高雄市政府警察局,高雄市三民區民族一路 / 高雄市三民區敦煌路,陰,日間自然光線,市區道路,50,交岔路,三岔路,交叉路口,交叉路口內,柏油,乾燥,無缺陷,無障礙物,良好,良好,行車管制號誌,正常,無,無分向設施,未繪設車道線,未繪設快慢車道分隔線,無,車與車,側撞,駕駛人,逆向行駛,死亡0;受傷1,1,機車,普通重型,女,69,戴安全帽或繫安全帶(使用幼童安全椅),未使用,車的狀態,右轉彎,機車,前車頭,機車,前車頭,駕駛人,逆向行駛,否,120.315686,22.658251
2022,2,20220214,64000,A2,高雄市政府警察局,高雄市三民區民族一路42號前0.0公尺,陰,日間自然光線,市區道路,40,單路部分,直路,路段,慢車道,柏油,乾燥,無缺陷,無障礙物,良好,良好,無號誌,無號誌,無,無分向設施,未繪設車道線,未繪設快慢車道分隔線,有,車與車,其他,駕駛人,未依規定減速,死亡0;受傷1,1,機車,普通重型,男,29,戴安全帽或繫安全帶(使用幼童安全椅),未使用,車的狀態,急減速或急停止,其他,不明,其他,不明,駕駛人,未依規定減速,否,120.324969,22.649382
2022,2,20220214,64300,A2,高雄市政府警察局,高雄市三民區村十全一路 / 高雄市三民區吉林街,陰,日間自然光線,市區道路,40,交岔路,四岔路,交叉路口,交叉口附近,柏油,濕潤,無缺陷,無障礙物,良好,良好,行車管制號誌,正常,無,無分向設施,未繪設車道線,未繪設快慢車道分隔線,無,車與車,其他,駕駛人,未保持行車安全距離,死亡0;受傷1,1,機車,普通重型,女,23,戴安全帽或繫安全帶(使用幼童安全椅),未使用,車的狀態,向前直行中,其他,不明,其他,不明,駕駛人,未保持行車安全距離,否,120.306402,22.645211
2022,2,20220214,74000,A2,高雄市政府警察局,高雄市三民區村文龍路 / 高雄市三民區澄清路,晴,日間自然光線,市區道路,40,交岔路,四岔路,交叉路口,交叉路口內,柏油,乾燥,無缺陷,無障礙物,良好,良好,行車管制號誌,正常,雙向禁止超車線,無標記,未繪設車道線,快慢車道分隔線,無,車與車,追撞,駕駛人,未保持行車安全距離,死亡0;受傷1,1,機車,普通重型,女,32,戴安全帽或繫安全帶(使用幼童安全椅),未使用,車的狀態,向前直行中,機車,前車頭,機車,前車頭,駕駛人,未保持行車安全距離,否,120.346264,22.644232
2022,2,20220214,125800,A2,高雄市政府警察局,高雄市三民區鐵新二街 / 高雄市三民區九如二路,晴,日間自然光線,市區道路,50,交岔路,四岔路,交叉路口,交叉路口內,柏油,乾燥,無缺陷,無障礙物,良好,良好,無號誌,無號誌,雙向禁止超車線,無標記,未繪設車道線,未繪設快慢車道分隔線,無,車與車,路口交岔撞,駕駛人,未依規定讓車,死亡0;受傷1,1,慢車,微型電動二輪車,男,73,戴安全帽或繫安全帶(使用幼童安全椅),未使用,車的狀態,向前直行中,其他,非汽(機)車,其他,非汽(機)車,駕駛人,未依規定讓車,否,120.3113,22.64024
2022,2,20220214,134000,A2,高雄市政府警察局,高雄市三民區九如一路 / 高雄市三民區澄清路,陰,日間自然光線,市區道路,50,交岔路,多岔路,交叉路口,交叉路口內,柏油,乾燥,無缺陷,無障礙物,良好,良好,行車管制號誌,正常,中央分向島,寛式(50公分以上),車道線(無標記),快慢車道分隔線,有,車與車,追撞,駕駛人,右轉彎未依規定,死亡0;受傷1,1,機車,普通重型,男,20,戴安全帽或繫安全帶(使用幼童安全椅),未使用,車的狀態,右轉彎,機車,後車尾,機車,後車尾,駕駛人,右轉彎未依規定,否,120.344514,22.636239
2022,2,20220214,143700,A2,高雄市政府警察局,高雄市三民區大順二路口 / 高雄市三民區大順二路,晴,日間自然光線,市區道路,30,交岔路,四岔路,交叉路口,交叉路口內,柏油,乾燥,無缺陷,無障礙物,良好,良好,無號誌,無號誌,中央分向島,寛式(50公分以上),車道線(無標記),快慢車道分隔線,有,車與車,路口交岔撞,駕駛人,起步未注意其他車(人)安全,死亡0;受傷1,1,機車,普通重型,女,73,戴安全帽或繫安全帶(使用幼童安全椅),未使用,車的狀態,起步,機車,左側車身,機車,左側車身,駕駛人,起步未注意其他車(人)安全,否,120.326786,22.64278
2022,2,20220214,172800,A2,高雄市政府警察局,高雄市三民區鼎金二巷2號前0.0公尺,晴,晨或暮光,市區道路,30,單路部分,直路,路段,一般車道(未劃分快慢車道),柏油,乾燥,無缺陷,無障礙物,良好,良好,無號誌,無號誌,無,無分向設施,未繪設車道線,未繪設快慢車道分隔線,無,車與車,其他,燈光,未依規定使用燈光,死亡0;受傷3,1,機車,普通重型,男,77,戴安全帽或繫安全帶(使用幼童安全椅),未使用,車的狀態,左轉彎,機車,左側車身,機車,左側車身,燈光,未依規定使用燈光,是,120.3264,22.66449
2022,2,20220214,173500,A2,高雄市政府警察局,高雄市三民區博愛一路30號前0.0公尺,晴,日間自然光線,市區道路,40,單路部分,直路,路段,慢車道,柏油,乾燥,無缺陷,無障礙物,良好,良好,無號誌,無號誌,中央分向島,寛式(50公分以上),車道線(無標記),快慢車道分隔線,無,車與車,同向擦撞,駕駛人,變換車道或方向不當,死亡0;受傷1,1,小客車,自用,男,23,戴安全帽或繫安全帶(使用幼童安全椅),未使用,車的狀態,向右變換車道,汽車,右後車尾(身),汽車,右後車尾(身),駕駛人,變換車道或方向不當,否,120.303113,22.642206
2022,2,20220214,191800,A2,高雄市政府警察局,高雄市三民區中華二路 / 高雄市三民區鐵道三街,晴,夜間(或隧道、地下道、涵洞)有照明,市區道路,50,交岔路,四岔路,交叉路口,交叉路口內,柏油,乾燥,無缺陷,無障礙物,良好,良好,行車管制號誌,正常,中央分向島,窄式無柵欄,車道線(無標記),寛式快慢車道分隔島(50公分以上),無,車與車,側撞,駕駛人,違反特定標誌(線)禁制,死亡0;受傷1,1,小客車,自用,男,37,戴安全帽或繫安全帶(使用幼童安全椅),未使用,車的狀態,左轉彎,汽車,右後車尾(身),汽車,右後車尾(身),駕駛人,違反特定標誌(線)禁制,否,120.294023,22.63939
2022,2,20220214,193800,A2,高雄市政府警察局,高雄市三民區鼎金後路 / 高雄市三民區鼎金後路,晴,夜間(或隧道、地下道、涵洞)有照明,市區道路,40,交岔路,三岔路,交叉路口,交叉口附近,柏油,乾燥,無缺陷,無障礙物,良好,良好,無號誌,無號誌,無,無分向設施,未繪設車道線,未繪設快慢車道分隔線,無,人與汽(機)車,穿越道路中,駕駛人,搶越行人穿越道,死亡0;受傷2,1,機車,普通重型,男,28,戴安全帽或繫安全帶(使用幼童安全椅),未使用,車的狀態,向前直行中,其他,不明,其他,不明,駕駛人,搶越行人穿越道,否,120.324376,22.671452