發生年度,發生月份,發生日期,發生時間,事故類別名稱,處理單位名稱警局層,發生地點,天候名稱,光線名稱,道路類別-第1當事者-名稱,速限-第1當事者,道路型態大類別名稱,道路型態子類別名稱,事故位置大類別名稱,事故位置子類別名稱,路面狀況-路面鋪裝名稱,路面狀況-路面狀態名稱,路面狀況-路面缺陷名稱,道路障礙-障礙物名稱,道路障礙-視距品質名稱,道路障礙-視距名稱,號誌-號誌種類名稱,號誌-號誌動作名稱,車道劃分設施-分向設施大類別名稱,車道劃分設施-分向設施子類別名稱,車道劃分設施-分道設施-快車道或一般車道間名稱,車道劃分設施-分道設施-快慢車道間名稱,車道劃分設施-分道設施-路面邊線名稱,事故類型及型態大類別名稱,事故類型及型態子類別名稱,肇因研判大類別名稱-主要,肇因研判子類別名稱-主要,死亡受傷人數,當事者順位,當事者區分-類別-大類別名稱-車種,當事者區分-類別-子類別名稱-車種,當事者屬-性-別名稱,當事者事故發生時年齡,保護裝備名稱,行動電話或電腦或其他相類功能裝置名稱,當事者行動狀態大類別名稱,當事者行動狀態子類別名稱,車輛撞擊部位大類別名稱-最初,車輛撞擊部位子類別名稱-最初,車輛撞擊部位大類別名稱-其他,車輛撞擊部位子類別名稱-其他,肇因研判大類別名稱-個別,肇因研判子類別名稱-個別,肇事逃逸類別名稱-是否肇逃,經度,緯度
2022,2,20220224,93000,A2,高雄市政府警察局,高雄市三民區正興路 / 高雄市三民區興隆街,晴,日間自然光線,市區道路,40,交岔路,四岔路,交叉路口,交叉路口內,柏油,乾燥,無缺陷,無障礙物,良好,良好,行車管制號誌,正常,無,無分向設施,未繪設車道線,未繪設快慢車道分隔線,無,車與車,同向擦撞,駕駛人,左轉彎未依規定,死亡0;受傷2,1,機車,普通重型,女,65,戴安全帽或繫安全帶(使用幼童安全椅),未使用,車的狀態,左轉彎,機車,左側車身,機車,左側車身,駕駛人,左轉彎未依規定,否,120.319853,22.647218
2022,2,20220224,103000,A2,高雄市政府警察局,高雄市三民區大昌二路 / 高雄市三民區正忠路,晴,日間自然光線,市區道路,50,交岔路,三岔路,交叉路口,交叉路口內,柏油,乾燥,無缺陷,無障礙物,良好,良好,行車管制號誌,正常,無,無分向設施,未繪設車道線,未繪設快慢車道分隔線,無,車與車,側撞,駕駛人,未保持行車安全間隔,死亡0;受傷1,1,小客車,自用,男,25,戴安全帽或繫安全帶(使用幼童安全椅),未使用,車的狀態,向前直行中,汽車,右側車身,汽車,右側車身,駕駛人,未保持行車安全間隔,否,120.331835,22.649029
2022,2,20220224,111600,A2,高雄市政府警察局,高雄市三民區建工路前0.0公尺,晴,日間自然光線,市區道路,50,單路部分,直路,路段,一般車道(未劃分快慢車道),柏油,乾燥,無缺陷,無障礙物,良好,良好,行車管制號誌,正常,雙向禁止超車線,無標記,車道線(無標記),未繪設快慢車道分隔線,無,車與車,同向擦撞,駕駛人,未保持行車安全間隔,死亡0;受傷1,1,機車,普通重型,男,21,戴安全帽或繫安全帶(使用幼童安全椅),未使用,車的狀態,向前直行中,機車,左側車身,機車,左側車身,駕駛人,未保持行車安全間隔,否,120.314867,22.647576
2022,2,20220224,130600,A2,高雄市政府警察局,高雄市三民區民族一路252號前0.0公尺,晴,日間自然光線,市區道路,40,單路部分,直路,路段,慢車道,柏油,乾燥,無缺陷,無障礙物,良好,良好,無號誌,無號誌,中央分向島,寛式(50公分以上),車道線(無標記),寛式快慢車道分隔島(50公分以上),無,車與車,追撞,駕駛人,未保持行車安全距離,死亡0;受傷2,1,機車,普通重型,女,23,戴安全帽或繫安全帶(使用幼童安全椅),未使用,車的狀態,向前直行中,機車,前車頭,機車,前車頭,駕駛人,未保持行車安全距離,否,120.315179,22.649476
2022,2,20220224,153000,A2,高雄市政府警察局,高雄市三民區鼎安路 / 高雄市三民區鼎貴路,晴,日間自然光線,市區道路,40,交岔路,四岔路,交叉路口,交叉路口內,柏油,乾燥,無缺陷,無障礙物,良好,良好,行車管制號誌,正常,雙向禁止超車線,無標記,未繪設車道線,快慢車道分隔線,無,車與車,路口交岔撞,駕駛人,違反號誌管制或指揮,死亡0;受傷1,1,機車,普通重型,男,38,戴安全帽或繫安全帶(使用幼童安全椅),未使用,車的狀態,向前直行中,機車,前車頭,機車,前車頭,駕駛人,違反號誌管制或指揮,否,120.3243,22.67371
2022,2,20220224,153100,A2,高雄市政府警察局,高雄市三民區建國三路50號前0.0公尺,晴,日間自然光線,市區道路,50,單路部分,直路,路段,慢車道,柏油,乾燥,無缺陷,無障礙物,良好,良好,行車管制號誌,正常,雙向禁止超車線,無標記,未繪設車道線,快慢車道分隔線,無,車與車,其他,駕駛人,迴轉未依規定,死亡0;受傷1,1,小客車,自用,女,59,戴安全帽或繫安全帶(使用幼童安全椅),未使用,車的狀態,迴轉或橫越道路中,汽車,右前車頭(身),汽車,右前車頭(身),駕駛人,迴轉未依規定,否,120.297982,22.638312
2022,2,20220224,164500,A2,高雄市政府警察局,高雄市三民區村博愛一路168號前0.0公尺,晴,日間自然光線,市區道路,40,單路部分,直路,路段,慢車道,柏油,乾燥,無缺陷,無障礙物,良好,良好,無號誌,無號誌,中央分向島,窄式無柵欄,車道線(無標記),窄式快慢車道分隔島(無柵欄),無,車與車,其他,駕駛人,未注意車前狀態,死亡0;受傷1,1,機車,普通重型,男,18,戴安全帽或繫安全帶(使用幼童安全椅),未使用,車的狀態,向前直行中,機車,前車頭,機車,前車頭,駕駛人,未注意車前狀態,否,120.3035,22.645846
2022,2,20220224,192500,A2,高雄市政府警察局,高雄市三民區正興路71號前0.0公尺,晴,夜間(或隧道、地下道、涵洞)有照明,市區道路,50,單路部分,直路,路段,快車道,柏油,乾燥,無缺陷,無障礙物,良好,良好,無號誌,無號誌,雙向禁止超車線,無標記,未繪設車道線,快慢車道分隔線,無,車與車,側撞,駕駛人,未依規定讓車,死亡0;受傷2,1,機車,普通重型,女,45,戴安全帽或繫安全帶(使用幼童安全椅),未使用,車的狀態,左轉彎,機車,左側車身,機車,左側車身,駕駛人,未依規定讓車,否,120.321109,22.645562
2022,2,20220224,201700,A2,高雄市政府警察局,高雄市三民區大順二路48號前0.0公尺,晴,日間自然光線,市區道路,40,單路部分,直路,路段,機車優先道,柏油,乾燥,無缺陷,無障礙物,良好,良好,行車管制號誌,正常,中央分向島,寛式(50公分以上),車道線(無標記),快慢車道分隔線,無,車與車,路口交岔撞,駕駛人,違反號誌管制或指揮,死亡0;受傷2,1,機車,普通重型,女,63,戴安全帽或繫安全帶(使用幼童安全椅),未使用,車的狀態,向前直行中,機車,前車頭,機車,前車頭,駕駛人,違反號誌管制或指揮,否,120.327755,22.640517
2022,2,20220225,91300,A2,高雄市政府警察局,高雄市三民區清朗街 / 高雄市三民區黃興路,晴,日間自然光線,市區道路,40,交岔路,三岔路,交叉路口,交叉路口內,柏油,乾燥,無缺陷,無障礙物,良好,良好,無號誌,無號誌,雙向禁止超車線,無標記,未繪設車道線,快慢車道分隔線,無,車與車,側撞,駕駛人,左轉彎未依規定,死亡0;受傷1,1,機車,普通重型,女,58,戴安全帽或繫安全帶(使用幼童安全椅),未使用,車的狀態,左轉彎,機車,左側車身,機車,左側車身,駕駛人,左轉彎未依規定,否,120.3414,22.64658
2022,2,20220225,92500,A2,高雄市政府警察局,高雄市三民區博愛一路187號前0.0公尺,晴,日間自然光線,市區道路,40,單路部分,直路,路段,慢車道,柏油,乾燥,無缺陷,無障礙物,良好,良好,無號誌,無號誌,中央分向島,寛式(50公分以上),未繪設車道線,寛式快慢車道分隔島(50公分以上),無,車與車,追撞,駕駛人,未保持行車安全距離,死亡0;受傷2,1,機車,普通重型,男,25,戴安全帽或繫安全帶(使用幼童安全椅),未使用,車的狀態,向前直行中,機車,前車頭,機車,前車頭,駕駛人,未保持行車安全距離,否,120.326254,22.648344
2022,2,20220225,103600,A2,高雄市政府警察局,高雄市三民區村明誠二路 / 高雄市三民區民族一路,晴,日間自然光線,市區道路,50,交岔路,四岔路,交叉路口,交叉口附近,柏油,乾燥,無缺陷,無障礙物,良好,良好,行車管制號誌,正常,雙向禁止超車線,無標記,車道線(無標記),快慢車道分隔線,無,車與車,同向擦撞,駕駛人,變換車道或方向不當,死亡0;受傷1,1,機車,普通重型,男,18,戴安全帽或繫安全帶(使用幼童安全椅),未使用,車的狀態,向左變換車道,機車,前車頭,機車,前車頭,駕駛人,變換車道或方向不當,否,120.315718,22.659741
2022,2,20220225,123000,A2,高雄市政府警察局,高雄市三民區村九如二路 / 高雄市三民區龍江街,晴,日間自然光線,市區道路,50,交岔路,四岔路,交叉路口,交叉路口內,柏油,乾燥,無缺陷,無障礙物,良好,良好,行車管制號誌(附設行人專用號誌),正常,無,無分向設施,未繪設車道線,未繪設快慢車道分隔線,無,車與車,追撞,駕駛人,未注意車前狀態,死亡0;受傷1,1,機車,普通重型,女,31,戴安全帽或繫安全帶(使用幼童安全椅),未使用,車的狀態,向前直行中,機車,前車頭,機車,前車頭,駕駛人,未注意車前狀態,否,120.3093,22.64078
2022,2,20220225,165900,A2,高雄市政府警察局,高雄市三民區村大昌二路309號前0.0公尺,晴,日間自然光線,市區道路,40,單路部分,直路,路段,慢車道,柏油,乾燥,無缺陷,無障礙物,良好,良好,行車管制號誌,正常,雙向禁止超車線,無標記,未繪設車道線,快慢車道分隔線,無,車與車,側撞,駕駛人,變換車道或方向不當,死亡0;受傷2,1,機車,普通重型,男,39,戴安全帽或繫安全帶(使用幼童安全椅),未使用,車的狀態,向左變換車道,其他,不明,其他,不明,駕駛人,變換車道或方向不當,否,120.33187,22.648267
2022,2,20220225,172500,A2,高雄市政府警察局,高雄市三民區村褒揚街 / 高雄市三民區義華路,陰,晨或暮光,市區道路,50,交岔路,四岔路,交叉路口,交叉路口內,柏油,乾燥,無缺陷,無障礙物,良好,良好,無號誌,無號誌,無,無分向設施,未繪設車道線,未繪設快慢車道分隔線,無,車與車,側撞,駕駛人,左轉彎未依規定,死亡0;受傷1,1,機車,普通重型,男,23,戴安全帽或繫安全帶(使用幼童安全椅),未使用,車的狀態,左轉彎,其他,不明,其他,不明,駕駛人,左轉彎未依規定,否,120.340359,22.641134
2022,2,20220225,180300,A2,高雄市政府警察局,高雄市三民區村建國一路439號前0.0公尺,晴,夜間(或隧道、地下道、涵洞)有照明,市區道路,50,單路部分,直路,路段,快車道,柏油,乾燥,無缺陷,無障礙物,良好,良好,無號誌,無號誌,雙向禁止超車線,無標記,車道線(無標記),未繪設快慢車道分隔線,無,車與車,其他,駕駛人,起步未注意其他車(人)安全,死亡0;受傷2,1,小客車,自用,女,68,戴安全帽或繫安全帶(使用幼童安全椅),未使用,車的狀態,起步,汽車,左側車身,汽車,左側車身,駕駛人,起步未注意其他車(人)安全,否,120.3164,22.63543
2022,2,20220225,212700,A2,高雄市政府警察局,高雄市三民區大昌二路 / 高雄市三民區皓東路,晴,日間自然光線,市區道路,40,交岔路,四岔路,交叉路口,交叉路口內,柏油,乾燥,無缺陷,無障礙物,良好,良好,行車管制號誌,正常,無,無分向設施,未繪設車道線,未繪設快慢車道分隔線,無,車與車,路口交岔撞,駕駛人,違反號誌管制或指揮,死亡0;受傷2,1,機車,普通重型,男,16,戴安全帽或繫安全帶(使用幼童安全椅),未使用,車的狀態,向前直行中,機車,前車頭,機車,前車頭,駕駛人,違反號誌管制或指揮,否,120.332,22.64814
2022,2,20220226,83000,A2,高雄市政府警察局,高雄市三民區村博愛一路393號前0.0公尺,晴,日間自然光線,市區道路,40,單路部分,直路,路段,慢車道,柏油,乾燥,無缺陷,無障礙物,良好,良好,無號誌,無號誌,中央分向島,寛式(50公分以上),車道線(無標記),寛式快慢車道分隔島(50公分以上),無,車與車,同向擦撞,駕駛人,未保持行車安全間隔,死亡0;受傷1,1,機車,普通重型,男,44,戴安全帽或繫安全帶(使用幼童安全椅),未使用,車的狀態,向前直行中,機車,左側車身,機車,左側車身,駕駛人,未保持行車安全間隔,否,120.3034,22.65145
2022,2,20220226,91800,A2,高雄市政府警察局,高雄市三民區九如一路 / 高雄市三民區光武路,晴,日間自然光線,市區道路,50,交岔路,四岔路,交叉路口,交叉路口內,柏油,乾燥,無缺陷,無障礙物,良好,良好,行車管制號誌,正常,中央分向島,窄式無柵欄,車道線(無標記),快慢車道分隔線,有,車與車,其他,駕駛人,未注意車前狀態,死亡0;受傷1,1,小客車,自用,男,21,戴安全帽或繫安全帶(使用幼童安全椅),未使用,車的狀態,右轉彎,汽車,右後車尾(身),汽車,右後車尾(身),駕駛人,未注意車前狀態,否,120.334872,22.638028
2022,2,20220226,103600,A2,高雄市政府警察局,高雄市三民區村九如一路 / 高雄市三民區光武路,晴,日間自然光線,市區道路,40,交岔路,四岔路,交叉路口,交叉口附近,柏油,乾燥,無缺陷,無障礙物,良好,良好,行車管制號誌,正常,中央分向島,窄式無柵欄,車道線(無標記),快慢車道分隔線,有,車與車,側撞,其他,開啟車門不當而肇事,死亡0;受傷1,1,小客車,自用,男,75,戴安全帽或繫安全帶(使用幼童安全椅),未使用,車的狀態,等待(引擎未熄火),汽車,右側車身,汽車,右側車身,其他,開啟車門不當而肇事,否,120.334872,22.638028
2022,2,20220226,131900,A2,高雄市政府警察局,高雄市三民區大順二路2號前0.0公尺前,晴,日間自然光線,市區道路,40,單路部分,直路,其他,行人穿越道,柏油,乾燥,無缺陷,無障礙物,良好,良好,行車管制號誌,正常,中央分向島,寛式(50公分以上),未繪設車道線,快慢車道分隔線,有,人與汽(機)車,穿越道路中,駕駛人,搶越行人穿越道,死亡0;受傷2,1,機車,普通重型,女,49,戴安全帽或繫安全帶(使用幼童安全椅),未使用,車的狀態,右轉彎,機車,前車頭,機車,前車頭,駕駛人,搶越行人穿越道,否,120.328104,22.639526
2022,2,20220226,172000,A2,高雄市政府警察局,高雄市三民區九如一路 / 高雄市三民區陽明路,晴,日間自然光線,市區道路,50,交岔路,三岔路,交叉路口,交叉路口內,柏油,乾燥,無缺陷,無障礙物,良好,良好,行車管制號誌,正常,中央分向島,寛式(50公分以上),車道線(無標記),快慢車道分隔線,無,車與車,側撞,駕駛人,右轉彎未依規定,死亡0;受傷1,1,小客車,自用,女,52,戴安全帽或繫安全帶(使用幼童安全椅),未使用,車的狀態,右轉彎,汽車,右前車頭(身),汽車,右前車頭(身),駕駛人,右轉彎未依規定,否,120.340919,22.636812
2022,2,20220226,185500,A2,高雄市政府警察局,高雄市三民區民族一路 / 高雄市三民區承德街,晴,夜間(或隧道、地下道、涵洞)有照明,市區道路,40,交岔路,三岔路,交叉路口,交叉路口內,柏油,乾燥,無缺陷,無障礙物,良好,良好,行車管制號誌,正常,無,無分向設施,未繪設車道線,未繪設快慢車道分隔線,無,車與車,側撞,駕駛人,變換車道或方向不當,死亡0;受傷3,1,機車,普通重型,男,52,戴安全帽或繫安全帶(使用幼童安全椅),未使用,車的狀態,插入行列,機車,右側車身,機車,右側車身,駕駛人,變換車道或方向不當,否,120.314031,22.642558
2022,2,20220226,210400,A2,高雄市政府警察局,高雄市三民區九如一路 / 高雄市三民區大順二路,陰,夜間(或隧道、地下道、涵洞)有照明,市區道路,50,交岔路,多岔路,交叉路口,交叉路口內,柏油,乾燥,無缺陷,無障礙物,良好,良好,行車管制號誌,正常,無,無分向設施,未繪設車道線,未繪設快慢車道分隔線,無,車與車,側撞,其他,不明原因肇事,死亡0;受傷1,1,,,肇事逃逸尚未查獲,111,不明,不明,人的狀態,不明,其他,不明,其他,不明,其他,不明原因肇事,是,120.328031,22.63907
2022,2,20220226,211100,A2,高雄市政府警察局,高雄市三民區明誠二路 / 高雄市三民區聯興路,晴,夜間(或隧道、地下道、涵洞)有照明,市區道路,50,交岔路,四岔路,交叉路口,交叉口附近,柏油,乾燥,無缺陷,無障礙物,良好,良好,行車管制號誌(附設行人專用號誌),正常,雙向禁止超車線,無標記,車道線(無標記),快慢車道分隔線,無,車與車,其他,駕駛人,未保持行車安全距離,死亡0;受傷4,1,機車,普通重型,女,20,戴安全帽或繫安全帶(使用幼童安全椅),未使用,車的狀態,向前直行中,機車,前車頭,機車,前車頭,駕駛人,未保持行車安全距離,否,120.3138,22.65976
2022,2,20220226,212900,A2,高雄市政府警察局,高雄市三民區澄觀陸橋上號前0.0公尺,陰,夜間(或隧道、地下道、涵洞)無照明,市區道路,50,單路部分,橋樑,其他,其他,柏油,乾燥,無缺陷,無障礙物,良好,良好,無號誌,無號誌,無,無分向設施,車道線(無標記),未繪設快慢車道分隔線,無,車與車,其他,駕駛人,未保持行車安全距離,死亡0;受傷3,1,機車,普通重型,女,21,戴安全帽或繫安全帶(使用幼童安全椅),未使用,車的狀態,向前直行中,機車,左側車身,機車,左側車身,駕駛人,未保持行車安全距離,否,120.3267,22.6745
2022,2,20220227,62500,A2,高雄市政府警察局,高雄市三民區自重街 / 高雄市三民區和順街,晴,日間自然光線,市區道路,30,交岔路,三岔路,交叉路口,交叉口附近,柏油,乾燥,無缺陷,無障礙物,良好,良好,無號誌,無號誌,無,無分向設施,未繪設車道線,未繪設快慢車道分隔線,無,車與車,其他,駕駛人,左轉彎未依規定,死亡0;受傷1,1,小客車,計程車,男,50,戴安全帽或繫安全帶(使用幼童安全椅),未使用,車的狀態,左轉彎,汽車,左前車頭(身),汽車,左前車頭(身),駕駛人,左轉彎未依規定,否,120.3161,22.65416
2022,2,20220227,80200,A2,高雄市政府警察局,高雄市三民區村民族一路 / 高雄市三民區民族一路,晴,日間自然光線,市區道路,40,交岔路,三岔路,交叉路口,交叉路口內,柏油,乾燥,無缺陷,無障礙物,良好,良好,行車管制號誌,正常,無,無分向設施,未繪設車道線,未繪設快慢車道分隔線,無,車與車,其他,駕駛人,違反號誌管制或指揮,死亡0;受傷1,1,機車,普通重型,男,23,戴安全帽或繫安全帶(使用幼童安全椅),未使用,車的狀態,向前直行中,機車,前車頭,機車,前車頭,駕駛人,違反號誌管制或指揮,否,120.314,22.64419
2022,2,20220227,91800,A2,高雄市政府警察局,高雄市三民區鼎中路 / 高雄市三民區鼎中路,晴,日間自然光線,市區道路,30,交岔路,三岔路,交叉路口,交叉路口內,柏油,乾燥,無缺陷,無障礙物,良好,良好,無號誌,無號誌,無,無分向設施,未繪設車道線,未繪設快慢車道分隔線,無,車與車,路口交岔撞,駕駛人,未依規定減速,死亡0;受傷1,1,機車,普通重型,男,48,戴安全帽或繫安全帶(使用幼童安全椅),未使用,車的狀態,向前直行中,機車,前車頭,機車,前車頭,駕駛人,未依規定減速,否,120.320139,22.673221
2022,2,20220227,93000,A2,高雄市政府警察局,高雄市三民區大德街103號前0.0公尺,晴,日間自然光線,市區道路,50,單路部分,直路,路段,快車道,柏油,乾燥,無缺陷,無障礙物,良好,良好,無號誌,無號誌,雙向禁止超車線,無標記,未繪設車道線,快慢車道分隔線,無,車與車,其他,駕駛人,未注意車前狀態,死亡0;受傷1,1,機車,普通重型,男,23,戴安全帽或繫安全帶(使用幼童安全椅),未使用,車的狀態,向前直行中,機車,前車頭,機車,前車頭,駕駛人,未注意車前狀態,否,120.332205,22.655468
2022,2,20220227,110000,A2,高雄市政府警察局,高雄市三民區村大中一路 / 高雄市三民區鼎中路,晴,日間自然光線,市區道路,50,交岔路,三岔路,交叉路口,交叉口附近,柏油,乾燥,無缺陷,無障礙物,良好,良好,行車管制號誌,正常,中央分向島,寛式(50公分以上),車道線(無標記),未繪設快慢車道分隔線,無,車與車,側撞,駕駛人,起步未注意其他車(人)安全,死亡0;受傷1,1,小客車,自用,女,37,戴安全帽或繫安全帶(使用幼童安全椅),未使用,車的狀態,起步,汽車,前車頭,汽車,前車頭,駕駛人,起步未注意其他車(人)安全,否,120.323141,22.676549
2022,2,20220227,153700,A2,高雄市政府警察局,高雄市三民區村民族一路 / 高雄市三民區裕誠路,晴,日間自然光線,市區道路,60,交岔路,三岔路,交叉路口,交叉路口內,柏油,乾燥,無缺陷,無障礙物,良好,良好,行車管制號誌,正常,中央分向島,寛式(50公分以上),車道線(無標記),寛式快慢車道分隔島(50公分以上),無,汽(機)車本身,撞交通島,駕駛人,疲勞(患病)駕駛失控,死亡0;受傷1,1,小客車,自用,女,25,戴安全帽或繫安全帶(使用幼童安全椅),未使用,車的狀態,向前直行中,汽車,前車頭,汽車,前車頭,駕駛人,疲勞(患病)駕駛失控,否,120.315842,22.658902
2022,2,20220227,221300,A2,高雄市政府警察局,高雄市三民區鼎山街219號前0.0公尺,晴,夜間(或隧道、地下道、涵洞)有照明,市區道路,40,單路部分,直路,路段,慢車道,柏油,乾燥,無缺陷,無障礙物,良好,良好,無號誌,無號誌,中央分向島,寛式(50公分以上),車道線(無標記),快慢車道分隔線,無,車與車,其他,其他,不明原因肇事,死亡0;受傷1,1,,,肇事逃逸尚未查獲,111,不明,不明,人的狀態,不明,其他,不明,其他,不明,其他,不明原因肇事,是,120.3223,22.66
2022,2,20220228,81700,A2,高雄市政府警察局,高雄市三民區鼎強街 / 高雄市三民區鼎金後路,晴,日間自然光線,市區道路,50,交岔路,四岔路,交叉路口,交叉口附近,柏油,乾燥,無缺陷,無障礙物,良好,良好,行車管制號誌,正常,雙向禁止超車線,無標記,未繪設車道線,快慢車道分隔線,無,車與車,其他,駕駛人,左轉彎未依規定,死亡0;受傷1,1,慢車,腳踏自行車,女,78,其他(無需使用保護裝備之人),未使用,車的狀態,左轉彎,其他,非汽(機)車,其他,非汽(機)車,駕駛人,左轉彎未依規定,否,120.324997,22.67027
2022,2,20220228,93300,A2,高雄市政府警察局,高雄市三民區九如二路 / 高雄市三民區中華二路,晴,日間自然光線,市區道路,50,交岔路,四岔路,交叉路口,交叉路口內,柏油,乾燥,無缺陷,無障礙物,良好,良好,行車管制號誌,正常,無,無分向設施,未繪設車道線,未繪設快慢車道分隔線,無,車與車,其他,駕駛人,未注意車前狀態,死亡0;受傷1,1,小客車,自用,男,39,戴安全帽或繫安全帶(使用幼童安全椅),未使用,車的狀態,向前直行中,汽車,右前車頭(身),汽車,右前車頭(身),駕駛人,未注意車前狀態,否,120.291782,22.64202
2022,2,20220228,101000,A2,高雄市政府警察局,高雄市三民區村鼎新路 / 高雄市三民區鼎金中街,晴,日間自然光線,市區道路,50,交岔路,四岔路,交叉路口,交叉路口內,柏油,乾燥,無缺陷,無障礙物,良好,良好,無號誌,無號誌,無,無分向設施,未繪設車道線,未繪設快慢車道分隔線,無,車與車,側撞,駕駛人,左轉彎未依規定,死亡0;受傷1,1,機車,普通重型,男,66,戴安全帽或繫安全帶(使用幼童安全椅),未使用,車的狀態,左轉彎,機車,後車尾,機車,後車尾,駕駛人,左轉彎未依規定,否,120.323294,22.665717
2022,2,20220228,134000,A2,高雄市政府警察局,高雄市三民區明誠一路 / 高雄市三民區鼎中路,晴,日間自然光線,市區道路,50,交岔路,四岔路,交叉路口,交叉口附近,柏油,乾燥,無缺陷,無障礙物,良好,良好,行車管制號誌,正常,雙向禁止超車線,無標記,車道線(無標記),快慢車道分隔線,無,車與車,側撞,駕駛人,左轉彎未依規定,死亡0;受傷1,1,機車,普通重型,男,78,戴安全帽或繫安全帶(使用幼童安全椅),未使用,車的狀態,左轉彎,機車,左側車身,機車,左側車身,駕駛人,左轉彎未依規定,否,120.319106,22.659996
2022,2,20220228,175200,A2,高雄市政府警察局,高雄市三民區建國三路132號前0.0公尺,晴,日間自然光線,市區道路,40,單路部分,直路,路段,慢車道,柏油,乾燥,無缺陷,無障礙物,良好,良好,無號誌,無號誌,雙向禁止超車線,無標記,車道線(無標記),快慢車道分隔線,無,車與車,其他,駕駛人,未注意車前狀態,死亡0;受傷1,1,機車,普通重型,女,57,戴安全帽或繫安全帶(使用幼童安全椅),未使用,車的狀態,向前直行中,機車,前車頭,機車,前車頭,駕駛人,未注意車前狀態,否,120.294449,22.637575
2022,2,20220228,180000,A2,高雄市政府警察局,高雄市三民區復興一路 / 高雄市三民區鐵道二街,晴,夜間(或隧道、地下道、涵洞)有照明,市區道路,40,交岔路,四岔路,交叉路口,交叉路口內,柏油,乾燥,無缺陷,無障礙物,良好,良好,行車管制號誌,正常,無,無分向設施,未繪設車道線,未繪設快慢車道分隔線,無,車與車,側撞,其他,其他引起事故之違規或不當行為,死亡0;受傷1,1,小客車,自用,女,59,戴安全帽或繫安全帶(使用幼童安全椅),未使用,車的狀態,向前直行中,汽車,前車頭,汽車,前車頭,其他,其他引起事故之違規或不當行為,否,120.308493,22.63937
2022,2,20220228,214500,A2,高雄市政府警察局,高雄市三民區九如一路 / 高雄市三民區高速公路東側便道,晴,夜間(或隧道、地下道、涵洞)有照明,市區道路,50,交岔路,多岔路,交叉路口,交叉路口內,柏油,乾燥,無缺陷,無障礙物,良好,良好,行車管制號誌,正常,無,無分向設施,未繪設車道線,未繪設快慢車道分隔線,無,車與車,側撞,駕駛人,違反號誌管制或指揮,死亡0;受傷1,1,大客車,遊覽車,男,52,不明,不明,車的狀態,左轉彎,汽車,右側車身,汽車,右側車身,駕駛人,違反號誌管制或指揮,是,120.333205,22.656458
2022,1,20220101,1100,A2,高雄市政府警察局,高雄市三民區村大裕路 / 高雄市三民區大興街,晴,夜間(或隧道、地下道、涵洞)有照明,市區道路,40,交岔路,四岔路,交叉路口,交叉路口內,柏油,乾燥,無缺陷,無障礙物,良好,良好,行車管制號誌,正常,無,無分向設施,未繪設車道線,未繪設快慢車道分隔線,無,車與車,側撞,駕駛人,左轉彎未依規定,死亡0;受傷2,1,機車,普通重型,男,17,戴安全帽或繫安全帶(使用幼童安全椅),未使用,車的狀態,左轉彎,機車,左側車身,機車,左側車身,駕駛人,左轉彎未依規定,否,120.328611,22.653993
2022,1,20220101,12600,A2,高雄市政府警察局,高雄市三民區新民路 / 高雄市三民區新民路,晴,日間自然光線,市區道路,30,交岔路,三岔路,交叉路口,交叉路口內,柏油,乾燥,無缺陷,無障礙物,良好,良好,無號誌,無號誌,行車分向線,無標記,未繪設車道線,未繪設快慢車道分隔線,有,車與車,側撞,駕駛人,未依規定讓車,死亡0;受傷1,1,機車,普通重型,男,20,戴安全帽或繫安全帶(使用幼童安全椅),未使用,車的狀態,左轉彎,機車,前車頭,機車,前車頭,駕駛人,未依規定讓車,否,120.324674,22.651019
2022,1,20220101,41000,A2,國道公路警察局,高雄市三民區國道1號 362公里600.0公尺處北側向外側,晴,夜間(或隧道、地下道、涵洞)有照明,國道,100,單路部分,直路,路段,快車道,柏油,乾燥,無缺陷,無障礙物,良好,良好,無號誌,無號誌,中央分向島,寛式(50公分以上),車道線(附標記),未繪設快慢車道分隔線,有,車與車,追撞,駕駛人,酒醉(後)駕駛失控,死亡0;受傷4,1,小客車,自用,男,18,戴安全帽或繫安全帶(使用幼童安全椅),未使用,車的狀態,向前直行中,汽車,前車頭,汽車,右側車身,駕駛人,酒醉(後)駕駛失控,否,120.333205,22.656458
2022,1,20220101,85500,A2,高雄市政府警察局,高雄市三民區村臥龍路 / 高雄市三民區克強路,晴,日間自然光線,市區道路,50,交岔路,四岔路,交叉路口,交叉路口內,柏油,乾燥,無缺陷,無障礙物,良好,良好,無號誌,無號誌,無,無分向設施,未繪設車道線,未繪設快慢車道分隔線,無,車與車,路口交岔撞,駕駛人,未依規定讓車,死亡0;受傷1,1,機車,普通重型,男,25,戴安全帽或繫安全帶(使用幼童安全椅),未使用,車的狀態,向前直行中,機車,前車頭,機車,前車頭,駕駛人,未依規定讓車,否,120.328351,22.63802
2022,1,20220101,91600,A2,高雄市政府警察局,高雄市三民區村同盟一路 / 高雄市三民區孝順街,晴,日間自然光線,市區道路,40,交岔路,多岔路,交叉路口,交叉路口內,柏油,乾燥,無缺陷,無障礙物,良好,良好,行車管制號誌,正常,無,無分向設施,未繪設車道線,未繪設快慢車道分隔線,無,車與車,同向擦撞,駕駛人,變換車道或方向不當,死亡0;受傷1,1,機車,普通重型,女,37,戴安全帽或繫安全帶(使用幼童安全椅),未使用,車的狀態,向右變換車道,機車,右側車身,機車,右側車身,駕駛人,變換車道或方向不當,否,120.313092,22.647067