發生年度,發生月份,發生日期,發生時間,事故類別名稱,處理單位名稱警局層,發生地點,天候名稱,光線名稱,道路類別-第1當事者-名稱,速限-第1當事者,道路型態大類別名稱,道路型態子類別名稱,事故位置大類別名稱,事故位置子類別名稱,路面狀況-路面鋪裝名稱,路面狀況-路面狀態名稱,路面狀況-路面缺陷名稱,道路障礙-障礙物名稱,道路障礙-視距品質名稱,道路障礙-視距名稱,號誌-號誌種類名稱,號誌-號誌動作名稱,車道劃分設施-分向設施大類別名稱,車道劃分設施-分向設施子類別名稱,車道劃分設施-分道設施-快車道或一般車道間名稱,車道劃分設施-分道設施-快慢車道間名稱,車道劃分設施-分道設施-路面邊線名稱,事故類型及型態大類別名稱,事故類型及型態子類別名稱,肇因研判大類別名稱-主要,肇因研判子類別名稱-主要,死亡受傷人數,當事者順位,當事者區分-類別-大類別名稱-車種,當事者區分-類別-子類別名稱-車種,當事者屬-性-別名稱,當事者事故發生時年齡,保護裝備名稱,行動電話或電腦或其他相類功能裝置名稱,當事者行動狀態大類別名稱,當事者行動狀態子類別名稱,車輛撞擊部位大類別名稱-最初,車輛撞擊部位子類別名稱-最初,車輛撞擊部位大類別名稱-其他,車輛撞擊部位子類別名稱-其他,肇因研判大類別名稱-個別,肇因研判子類別名稱-個別,肇事逃逸類別名稱-是否肇逃,經度,緯度
2022,1,20220112,173200,A2,高雄市政府警察局,高雄市三民區村熱河一街357號前0.0公尺前,晴,夜間(或隧道、地下道、涵洞)有照明,市區道路,40,單路部分,直路,路段,一般車道(未劃分快慢車道),柏油,乾燥,無缺陷,無障礙物,良好,良好,無號誌,無號誌,雙向禁止超車線,無標記,未繪設車道線,未繪設快慢車道分隔線,無,汽(機)車本身,路上翻車、摔倒,駕駛人,未依規定減速,死亡0;受傷1,1,機車,普通重型,男,56,戴安全帽或繫安全帶(使用幼童安全椅),未使用,車的狀態,向前直行中,其他,不明,其他,不明,駕駛人,未依規定減速,否,120.3051,22.64456
2022,1,20220112,175200,A2,高雄市政府警察局,高雄市三民區村十全二路 / 高雄市三民區自立一路,晴,夜間(或隧道、地下道、涵洞)有照明,市區道路,50,交岔路,四岔路,交叉路口,交叉路口內,柏油,乾燥,無缺陷,無障礙物,良好,良好,行車管制號誌,正常,無,無分向設施,未繪設車道線,未繪設快慢車道分隔線,無,車與車,路口交岔撞,駕駛人,違反號誌管制或指揮,死亡0;受傷2,1,機車,普通重型,女,24,戴安全帽或繫安全帶(使用幼童安全椅),未使用,車的狀態,向前直行中,機車,前車頭,機車,前車頭,駕駛人,違反號誌管制或指揮,否,120.296545,22.645885
2022,1,20220112,175800,A2,高雄市政府警察局,高雄市三民區民族一路618號前0.0公尺,晴,夜間(或隧道、地下道、涵洞)有照明,市區道路,50,單路部分,直路,路段,慢車道,柏油,乾燥,無缺陷,無障礙物,良好,良好,無號誌,無號誌,中央分向島,寛式(50公分以上),車道線(無標記),寛式快慢車道分隔島(50公分以上),無,車與車,同向擦撞,駕駛人,未保持行車安全間隔,死亡0;受傷1,1,機車,普通重型,男,61,戴安全帽或繫安全帶(使用幼童安全椅),未使用,車的狀態,向前直行中,機車,左側車身,機車,左側車身,駕駛人,未保持行車安全間隔,否,120.315842,22.658902
2022,1,20220112,185400,A2,高雄市政府警察局,高雄市三民區褒忠街 / 高雄市三民區褒忠街,晴,夜間(或隧道、地下道、涵洞)有照明,市區道路,50,交岔路,三岔路,交叉路口,交叉路口內,柏油,乾燥,無缺陷,無障礙物,良好,良好,無號誌,無號誌,行車分向線,無標記,未繪設車道線,未繪設快慢車道分隔線,有,車與車,側撞,駕駛人,起步未注意其他車(人)安全,死亡0;受傷2,1,機車,普通重型,男,70,戴安全帽或繫安全帶(使用幼童安全椅),未使用,車的狀態,起步,機車,前車頭,機車,前車頭,駕駛人,起步未注意其他車(人)安全,否,120.333273,22.641868
2022,1,20220112,201200,A2,高雄市政府警察局,高雄市三民區九如一路前0.0公尺,晴,夜間(或隧道、地下道、涵洞)有照明,市區道路,50,單路部分,直路,路段,快車道,柏油,乾燥,無缺陷,無障礙物,良好,良好,行車管制號誌,正常,中央分向島,寛式(50公分以上),車道線(無標記),快慢車道分隔線,有,車與車,追撞,駕駛人,未注意車前狀態,死亡0;受傷1,1,小客車,計程車,男,51,戴安全帽或繫安全帶(使用幼童安全椅),未使用,車的狀態,向前直行中,汽車,前車頭,汽車,前車頭,駕駛人,未注意車前狀態,否,120.328031,22.63907
2022,1,20220112,203300,A2,高雄市政府警察局,高雄市三民區村大昌二路518號前0.0公尺,陰,夜間(或隧道、地下道、涵洞)有照明,市區道路,40,單路部分,直路,路段,慢車道,柏油,乾燥,無缺陷,無障礙物,良好,良好,無號誌,無號誌,行車分向線,無標記,未繪設車道線,快慢車道分隔線,無,車與車,追撞,駕駛人,未保持行車安全距離,死亡0;受傷1,1,機車,普通重型,女,19,戴安全帽或繫安全帶(使用幼童安全椅),未使用,車的狀態,向前直行中,機車,前車頭,機車,前車頭,駕駛人,未保持行車安全距離,否,120.330546,22.651503
2022,1,20220112,220300,A2,高雄市政府警察局,高雄市三民區大昌一路61號前0.0公尺,陰,夜間(或隧道、地下道、涵洞)有照明,市區道路,50,單路部分,直路,路段,慢車道,柏油,乾燥,無缺陷,無障礙物,良好,良好,無號誌,無號誌,行車分向線,無標記,未繪設車道線,快慢車道分隔線,無,車與車,側撞,駕駛人,迴轉未依規定,死亡0;受傷1,1,小貨車(含客、貨兩用),自用,男,38,戴安全帽或繫安全帶(使用幼童安全椅),未使用,車的狀態,迴轉或橫越道路中,汽車,右後車尾(身),汽車,右後車尾(身),駕駛人,迴轉未依規定,否,120.333843,22.624654
2022,1,20220113,23700,A2,高雄市政府警察局,高雄市三民區村大順二路570號前0.0公尺,陰,夜間(或隧道、地下道、涵洞)有照明,市區道路,40,單路部分,直路,路段,慢車道,柏油,乾燥,無缺陷,無障礙物,良好,良好,無號誌,無號誌,中央分向島,寛式(50公分以上),車道線(無標記),快慢車道分隔線,無,車與車,其他,駕駛人,未注意車前狀態,死亡0;受傷1,1,機車,普通重型,男,41,戴安全帽或繫安全帶(使用幼童安全椅),未使用,車的狀態,向前直行中,機車,右側車身,機車,右側車身,駕駛人,未注意車前狀態,否,120.321854,22.65164
2022,1,20220113,71700,A2,高雄市政府警察局,高雄市三民區村民族一路前0.0公尺,晴,日間自然光線,市區道路,40,單路部分,直路,路段,慢車道,柏油,乾燥,無缺陷,無障礙物,良好,良好,行車管制號誌,正常,中央分向島,寛式(50公分以上),車道線(無標記),寛式快慢車道分隔島(50公分以上),無,車與車,其他,駕駛人,右轉彎未依規定,死亡0;受傷1,1,機車,普通重型,男,35,戴安全帽或繫安全帶(使用幼童安全椅),未使用,車的狀態,右轉彎,其他,不明,其他,不明,駕駛人,右轉彎未依規定,否,120.314473,22.6428
2022,1,20220113,73000,A2,高雄市政府警察局,高雄市三民區村中庸街 / 高雄市三民區台安街,晴,日間自然光線,市區道路,40,交岔路,四岔路,交叉路口,交叉路口內,柏油,乾燥,無缺陷,無障礙物,良好,良好,無號誌,無號誌,雙向禁止超車線,無標記,未繪設車道線,未繪設快慢車道分隔線,無,車與車,路口交岔撞,駕駛人,未依規定讓車,死亡0;受傷1,1,機車,普通重型,女,63,戴安全帽或繫安全帶(使用幼童安全椅),未使用,車的狀態,向前直行中,機車,前車頭,機車,前車頭,駕駛人,未依規定讓車,否,120.287395,22.640667
2022,1,20220113,82400,A2,高雄市政府警察局,高雄市三民區天祥一路208-2號前0.0公尺,晴,日間自然光線,市區道路,50,單路部分,直路,路段,快車道,柏油,乾燥,無缺陷,無障礙物,良好,良好,無號誌,無號誌,雙向禁止超車線,無標記,車道線(無標記),快慢車道分隔線,有,車與車,追撞,駕駛人,未保持行車安全距離,死亡0;受傷1,1,小客車,自用,女,33,戴安全帽或繫安全帶(使用幼童安全椅),未使用,車的狀態,向前直行中,汽車,前車頭,汽車,前車頭,駕駛人,未保持行車安全距離,否,120.3176,22.66808
2022,1,20220113,82700,A2,高雄市政府警察局,高雄市三民區大順三路 / 高雄市三民區鐵道一街,晴,日間自然光線,市區道路,50,交岔路,四岔路,交叉路口,交叉路口內,柏油,乾燥,無缺陷,無障礙物,良好,良好,行車管制號誌,正常,無,無分向設施,未繪設車道線,未繪設快慢車道分隔線,無,車與車,側撞,駕駛人,違反號誌管制或指揮,死亡0;受傷1,1,小客車,自用,男,62,戴安全帽或繫安全帶(使用幼童安全椅),未使用,車的狀態,向前直行中,汽車,右前車頭(身),汽車,右前車頭(身),駕駛人,違反號誌管制或指揮,否,120.327082,22.636764
2022,1,20220113,94300,A2,高雄市政府警察局,高雄市三民區鼎中路800號前0.0公尺,晴,日間自然光線,市區道路,50,單路部分,直路,路段,一般車道(未劃分快慢車道),柏油,乾燥,無缺陷,無障礙物,良好,良好,無號誌,無號誌,行車分向線,無標記,車道線(無標記),未繪設快慢車道分隔線,無,車與車,側撞,駕駛人,未保持行車安全間隔,死亡0;受傷1,1,機車,普通重型,女,64,戴安全帽或繫安全帶(使用幼童安全椅),未使用,車的狀態,其他,機車,左側車身,機車,左側車身,駕駛人,未保持行車安全間隔,否,120.3229,22.67616
2022,1,20220113,95500,A2,高雄市政府警察局,高雄市三民區民族一路 / 高雄市三民區孝順街,晴,日間自然光線,市區道路,50,交岔路,四岔路,交叉路口,交叉路口內,柏油,乾燥,無缺陷,無障礙物,良好,良好,行車管制號誌,正常,中央分向島,寛式(50公分以上),車道線(無標記),寛式快慢車道分隔島(50公分以上),無,車與車,路口交岔撞,駕駛人,違反號誌管制或指揮,死亡0;受傷1,1,機車,普通重型,男,79,戴安全帽或繫安全帶(使用幼童安全椅),未使用,車的狀態,向前直行中,機車,前車頭,機車,前車頭,駕駛人,違反號誌管制或指揮,否,120.314868,22.648518
2022,1,20220113,110030,A2,國道公路警察局,高雄市三民區國道1號 365公里600.0公尺處南側向中線,晴,日間自然光線,國道,100,單路部分,直路,路段,快車道,柏油,乾燥,無缺陷,無障礙物,良好,良好,無號誌,無號誌,中央分向島,寛式(50公分以上),車道線(附標記),未繪設快慢車道分隔線,有,車與車,追撞,駕駛人,未保持行車安全距離,死亡0;受傷3,1,大貨車,營業用,男,37,戴安全帽或繫安全帶(使用幼童安全椅),未使用,車的狀態,急減速或急停止,汽車,前車頭,,,駕駛人,未保持行車安全距離,否,120.333205,22.656458
2022,1,20220113,121000,A2,高雄市政府警察局,高雄市三民區建工路 / 高雄市三民區興隆街,晴,日間自然光線,市區道路,30,交岔路,四岔路,交叉路口,交叉路口內,柏油,乾燥,無缺陷,無障礙物,良好,良好,無號誌,無號誌,雙向禁止超車線,無標記,未繪設車道線,未繪設快慢車道分隔線,無,車與車,路口交岔撞,駕駛人,未依規定讓車,死亡0;受傷1,1,小貨車(含客、貨兩用),自用,男,73,戴安全帽或繫安全帶(使用幼童安全椅),未使用,車的狀態,向前直行中,汽車,右前車頭(身),汽車,右前車頭(身),駕駛人,未依規定讓車,否,120.3169,22.64684
2022,1,20220113,135600,A2,高雄市政府警察局,高雄市三民區大順二路468號前0.0公尺,晴,日間自然光線,市區道路,30,單路部分,直路,路段,交通島(含槽化線),柏油,乾燥,無缺陷,無障礙物,良好,良好,無號誌,無號誌,中央分向島,寛式(50公分以上),未繪設車道線,快慢車道分隔線,無,車與車,路口交岔撞,駕駛人,起步未注意其他車(人)安全,死亡0;受傷1,1,機車,普通重型,女,58,戴安全帽或繫安全帶(使用幼童安全椅),未使用,車的狀態,起步,機車,左側車身,機車,左側車身,駕駛人,起步未注意其他車(人)安全,否,120.324979,22.649369
2022,1,20220113,154000,A2,高雄市政府警察局,高雄市三民區熱河一街 / 高雄市三民區博愛一路,晴,日間自然光線,市區道路,50,交岔路,四岔路,交叉路口,交叉路口內,柏油,乾燥,無缺陷,無障礙物,良好,良好,行車管制號誌,正常,雙向禁止超車線,無標記,未繪設車道線,快慢車道分隔線,無,汽(機)車本身,撞交通島,駕駛人,未注意車前狀態,死亡0;受傷1,1,小客車,自用,女,24,戴安全帽或繫安全帶(使用幼童安全椅),未使用,車的狀態,左轉彎,汽車,左前車頭(身),汽車,左前車頭(身),駕駛人,未注意車前狀態,否,120.303035,22.644002
2022,1,20220113,181600,A2,高雄市政府警察局,高雄市三民區建武路 / 高雄市三民區建武路,晴,夜間(或隧道、地下道、涵洞)有照明,市區道路,30,交岔路,四岔路,交叉路口,交叉路口內,無鋪裝,乾燥,無缺陷,無障礙物,良好,良好,無號誌,無號誌,無,無分向設施,未繪設車道線,未繪設快慢車道分隔線,無,車與車,路口交岔撞,駕駛人,未依規定讓車,死亡0;受傷1,1,機車,普通重型,男,53,戴安全帽或繫安全帶(使用幼童安全椅),未使用,車的狀態,向前直行中,機車,右側車身,機車,右側車身,駕駛人,未依規定讓車,否,120.330051,22.643737
2022,1,20220113,204600,A2,高雄市政府警察局,高雄市三民區民族一路前0.0公尺,晴,夜間(或隧道、地下道、涵洞)有照明,市區道路,40,單路部分,直路,路段,慢車道,柏油,乾燥,無缺陷,無障礙物,良好,良好,無號誌,無號誌,中央分向島,寛式(50公分以上),未繪設車道線,寛式快慢車道分隔島(50公分以上),無,車與車,同向擦撞,駕駛人,未保持行車安全距離,死亡0;受傷1,1,機車,普通重型,女,28,戴安全帽或繫安全帶(使用幼童安全椅),未使用,車的狀態,向前直行中,機車,前車頭,機車,前車頭,駕駛人,未保持行車安全距離,否,120.315596,22.656024
2022,1,20220114,10900,A2,高雄市政府警察局,高雄市三民區大昌二路前0.0公尺,晴,夜間(或隧道、地下道、涵洞)有照明,市區道路,50,單路部分,直路,路段,快車道,柏油,乾燥,無缺陷,無障礙物,良好,良好,無號誌,無號誌,雙向禁止超車線,無標記,車道線(無標記),快慢車道分隔線,無,車與車,同向擦撞,駕駛人,變換車道或方向不當,死亡0;受傷1,1,小客車,自用,男,43,戴安全帽或繫安全帶(使用幼童安全椅),未使用,車的狀態,向左變換車道,汽車,左前車頭(身),汽車,左前車頭(身),駕駛人,變換車道或方向不當,否,120.332176,22.642081
2022,1,20220114,62700,A2,高雄市政府警察局,高雄市三民區大昌一路前0.0公尺,晴,日間自然光線,市區道路,40,單路部分,直路,路段,慢車道,柏油,乾燥,無缺陷,無障礙物,良好,良好,無號誌,無號誌,雙向禁止超車線,無標記,車道線(無標記),快慢車道分隔線,無,汽(機)車本身,路上翻車、摔倒,駕駛人,超速失控,死亡0;受傷1,1,機車,普通重型,女,28,戴安全帽或繫安全帶(使用幼童安全椅),未使用,車的狀態,向前直行中,其他,不明,其他,不明,駕駛人,超速失控,否,120.322735,22.656263
2022,1,20220114,73000,A2,高雄市政府警察局,高雄市三民區澄清路 / 高雄市三民區文安南街,晴,日間自然光線,市區道路,50,交岔路,三岔路,交叉路口,交叉路口內,柏油,乾燥,無缺陷,其他障礙物,不良,其他,行車管制號誌,正常,雙向禁止超車線,無標記,未繪設車道線,未繪設快慢車道分隔線,無,車與車,側撞,駕駛人,左轉彎未依規定,死亡0;受傷1,1,機車,普通重型,女,34,戴安全帽或繫安全帶(使用幼童安全椅),未使用,車的狀態,左轉彎,機車,右側車身,機車,右側車身,駕駛人,左轉彎未依規定,否,120.3467,22.63797
2022,1,20220114,74800,A2,高雄市政府警察局,高雄市三民區鼎中路28號前0.0公尺,晴,日間自然光線,市區道路,50,單路部分,直路,路段,一般車道(未劃分快慢車道),柏油,乾燥,無缺陷,無障礙物,良好,良好,無號誌,無號誌,行車分向線,無標記,未繪設車道線,未繪設快慢車道分隔線,有,人與汽(機)車,穿越道路中,駕駛人,未注意車前狀態,死亡0;受傷2,1,機車,普通重型,女,57,戴安全帽或繫安全帶(使用幼童安全椅),未使用,車的狀態,向前直行中,其他,不明,其他,不明,駕駛人,未注意車前狀態,否,120.319166,22.659025
2022,1,20220114,82500,A2,高雄市政府警察局,高雄市三民區鼎強街 / 高雄市三民區鼎強街,晴,日間自然光線,市區道路,40,交岔路,三岔路,交叉路口,交叉路口內,柏油,乾燥,無缺陷,無障礙物,良好,良好,無號誌,無號誌,行車分向線,無標記,未繪設車道線,快慢車道分隔線,無,車與車,側撞,駕駛人,未依規定讓車,死亡0;受傷1,1,機車,普通重型,男,51,戴安全帽或繫安全帶(使用幼童安全椅),未使用,車的狀態,左轉彎,機車,前車頭,機車,前車頭,駕駛人,未依規定讓車,否,120.3223,22.66886
2022,1,20220114,91000,A2,高雄市政府警察局,高雄市三民區鼎新路 / 高雄市三民區鼎金中街,晴,日間自然光線,市區道路,30,交岔路,四岔路,交叉路口,交叉路口內,柏油,乾燥,無缺陷,無障礙物,良好,良好,無號誌,無號誌,雙向禁止超車線,無標記,未繪設車道線,快慢車道分隔線,無,車與車,路口交岔撞,駕駛人,起步未注意其他車(人)安全,死亡0;受傷2,1,機車,普通重型,女,56,戴安全帽或繫安全帶(使用幼童安全椅),未使用,車的狀態,起步,機車,左側車身,機車,左側車身,駕駛人,起步未注意其他車(人)安全,否,120.323,22.66516
2022,1,20220114,94500,A2,高雄市政府警察局,高雄市三民區九如一路269號前0.0公尺,晴,日間自然光線,市區道路,50,單路部分,直路,其他,其他,其他鋪裝,乾燥,突出(高低)不平,無障礙物,良好,良好,無號誌,無號誌,無,無分向設施,車道線(無標記),快慢車道分隔線,無,車與車,側撞,其他,不明原因肇事,死亡0;受傷1,1,,,肇事逃逸尚未查獲,111,不明,不明,人的狀態,不明,其他,不明,其他,不明,其他,不明原因肇事,是,120.335245,22.637806
2022,1,20220114,94700,A2,高雄市政府警察局,高雄市三民區大順二路前0.0公尺,晴,日間自然光線,市區道路,50,單路部分,直路,路段,快車道,柏油,乾燥,無缺陷,無障礙物,良好,良好,無號誌,無號誌,中央分向島,寛式(50公分以上),禁止變換車道線(無標記),未繪設快慢車道分隔線,無,車與車,同向擦撞,駕駛人,變換車道或方向不當,死亡0;受傷1,1,小貨車(含客、貨兩用),自用,男,57,戴安全帽或繫安全帶(使用幼童安全椅),未使用,車的狀態,向左變換車道,汽車,左側車身,汽車,左側車身,駕駛人,變換車道或方向不當,否,120.326291,22.643789
2022,1,20220114,101000,A2,高雄市政府警察局,高雄市三民區九如一路 / 高雄市三民區九如一路,晴,日間自然光線,市區道路,50,交岔路,三岔路,交叉路口,交叉口附近,柏油,乾燥,無缺陷,無障礙物,良好,良好,無號誌,無號誌,中央分向島,寛式(50公分以上),車道線(無標記),未繪設快慢車道分隔線,有,車與車,其他,駕駛人,未注意車前狀態,死亡0;受傷1,1,機車,普通重型,女,24,戴安全帽或繫安全帶(使用幼童安全椅),未使用,車的狀態,向前直行中,機車,前車頭,機車,前車頭,駕駛人,未注意車前狀態,否,120.325125,22.639482
2022,1,20220114,104000,A2,高雄市政府警察局,高雄市三民區民族一路 / 高雄市三民區同盟一路,晴,日間自然光線,市區道路,30,交岔路,多岔路,交叉路口,交叉路口內,柏油,乾燥,無缺陷,無障礙物,良好,良好,無號誌,無號誌,中央分向島,寛式(50公分以上),未繪設車道線,快慢車道分隔線,無,車與車,側撞,駕駛人,未依規定減速,死亡0;受傷2,1,機車,普通重型,女,59,戴安全帽或繫安全帶(使用幼童安全椅),未使用,車的狀態,向前直行中,機車,左側車身,機車,左側車身,駕駛人,未依規定減速,否,120.3142,22.64734
2022,1,20220114,131700,A2,高雄市政府警察局,高雄市三民區村民族一路50號前0.0公尺,晴,日間自然光線,市區道路,40,單路部分,直路,路段,慢車道,柏油,乾燥,無缺陷,無障礙物,良好,良好,無號誌,無號誌,中央分向島,寛式(50公分以上),車道線(無標記),寛式快慢車道分隔島(50公分以上),無,汽(機)車本身,路上翻車、摔倒,駕駛人,未注意車前狀態,死亡0;受傷1,1,機車,普通重型,女,23,戴安全帽或繫安全帶(使用幼童安全椅),未使用,車的狀態,向前直行中,其他,不明,其他,不明,駕駛人,未注意車前狀態,否,120.314442,22.641296
2022,1,20220114,134500,A2,高雄市政府警察局,高雄市三民區大順二路 / 高雄市三民區莊敬路,晴,日間自然光線,市區道路,50,交岔路,四岔路,交叉路口,交叉路口內,柏油,乾燥,無缺陷,無障礙物,良好,良好,行車管制號誌,正常,無,無分向設施,未繪設車道線,未繪設快慢車道分隔線,無,車與車,追撞,駕駛人,未保持行車安全距離,死亡0;受傷1,1,機車,普通重型,女,22,戴安全帽或繫安全帶(使用幼童安全椅),未使用,車的狀態,向前直行中,機車,前車頭,機車,前車頭,駕駛人,未保持行車安全距離,否,120.320691,22.65221
2022,1,20220114,161000,A2,高雄市政府警察局,高雄市三民區明賢街63號前0.0公尺,晴,日間自然光線,市區道路,30,單路部分,彎曲路及附近,路段,一般車道(未劃分快慢車道),柏油,乾燥,無缺陷,無障礙物,良好,良好,無號誌,無號誌,無,無分向設施,未繪設車道線,未繪設快慢車道分隔線,無,車與車,側撞,駕駛人,起步未注意其他車(人)安全,死亡0;受傷1,1,機車,普通重型,男,77,戴安全帽或繫安全帶(使用幼童安全椅),未使用,車的狀態,起步,機車,左側車身,機車,左側車身,駕駛人,起步未注意其他車(人)安全,否,120.3125,22.66087
2022,1,20220114,183600,A2,高雄市政府警察局,高雄市三民區村建國一路 / 高雄市三民區凱旋一路,晴,夜間(或隧道、地下道、涵洞)有照明,市區道路,50,交岔路,四岔路,交叉路口,交叉路口內,柏油,乾燥,無缺陷,無障礙物,良好,良好,行車管制號誌,正常,無,無分向設施,未繪設車道線,未繪設快慢車道分隔線,無,汽(機)車本身,路上翻車、摔倒,駕駛人,未依規定減速,死亡0;受傷1,1,機車,普通重型,男,39,戴安全帽或繫安全帶(使用幼童安全椅),未使用,車的狀態,向前直行中,其他,不明,其他,不明,駕駛人,未依規定減速,否,120.320108,22.633786
2022,1,20220114,184000,A2,高雄市政府警察局,高雄市三民區大豐二路 / 高雄市三民區皓東路,晴,夜間(或隧道、地下道、涵洞)有照明,市區道路,50,交岔路,多岔路,交叉路口,交叉路口內,柏油,乾燥,無缺陷,無障礙物,良好,良好,行車管制號誌,正常,雙向禁止超車線,無標記,未繪設車道線,快慢車道分隔線,無,車與車,其他,駕駛人,未依規定讓車,死亡0;受傷1,1,小客車,自用,男,48,戴安全帽或繫安全帶(使用幼童安全椅),未使用,車的狀態,左轉彎,汽車,左後車尾(身),汽車,左後車尾(身),駕駛人,未依規定讓車,否,120.3348,22.64977
2022,1,20220114,200000,A2,高雄市政府警察局,高雄市三民區村六合路18號前0.0公尺,晴,夜間(或隧道、地下道、涵洞)有照明,市區道路,40,單路部分,直路,路段,一般車道(未劃分快慢車道),柏油,乾燥,無缺陷,無障礙物,良好,良好,無號誌,無號誌,雙向禁止超車線,無標記,未繪設車道線,未繪設快慢車道分隔線,無,汽(機)車本身,路上翻車、摔倒,駕駛人,未依規定減速,死亡0;受傷1,1,機車,普通重型,女,25,戴安全帽或繫安全帶(使用幼童安全椅),未使用,車的狀態,向前直行中,機車,右側車身,機車,右側車身,駕駛人,未依規定減速,否,120.319214,22.633147
2022,1,20220114,201100,A2,高雄市政府警察局,高雄市三民區民族一路400號前0.0公尺,晴,夜間(或隧道、地下道、涵洞)有照明,市區道路,40,單路部分,直路,路段,慢車道,其他鋪裝,乾燥,無缺陷,無障礙物,良好,良好,行車管制號誌,正常,中央分向島,寛式(50公分以上),禁止變換車道線(無標記),寛式快慢車道分隔島(50公分以上),無,車與車,同向擦撞,駕駛人,未保持行車安全間隔,死亡0;受傷1,1,機車,普通重型,男,29,戴安全帽或繫安全帶(使用幼童安全椅),未使用,車的狀態,向前直行中,機車,左側車身,機車,左側車身,駕駛人,未保持行車安全間隔,否,120.31546,22.653019
2022,1,20220114,201400,A2,高雄市政府警察局,高雄市三民區正義路 / 高雄市三民區正義路,晴,夜間(或隧道、地下道、涵洞)有照明,市區道路,30,交岔路,四岔路,交叉路口,交叉路口內,柏油,乾燥,無缺陷,無障礙物,良好,良好,行車管制號誌,正常,無,無分向設施,未繪設車道線,未繪設快慢車道分隔線,無,車與車,側撞,駕駛人,未依規定讓車,死亡0;受傷1,1,機車,普通重型,男,19,戴安全帽或繫安全帶(使用幼童安全椅),未使用,車的狀態,左轉彎,其他,不明,其他,不明,駕駛人,未依規定讓車,否,120.342101,22.634515
2022,1,20220114,204300,A2,高雄市政府警察局,高雄市三民區村建工路寶珠022路燈號前0.0公尺,晴,夜間(或隧道、地下道、涵洞)有照明,市區道路,40,單路部分,直路,路段,慢車道,柏油,乾燥,無缺陷,無障礙物,良好,良好,無號誌,無號誌,雙向禁止超車線,無標記,車道線(無標記),快慢車道分隔線,無,車與車,其他,駕駛人,未注意車前狀態,死亡0;受傷1,1,慢車,微型電動二輪車,男,15,戴安全帽或繫安全帶(使用幼童安全椅),未使用,車的狀態,向前直行中,其他,非汽(機)車,其他,非汽(機)車,駕駛人,未注意車前狀態,否,120.3284,22.65187
2022,1,20220114,231000,A2,高雄市政府警察局,高雄市三民區村中山一路前0.0公尺,晴,夜間(或隧道、地下道、涵洞)有照明,市區道路,40,單路部分,直路,路段,快車道,柏油,乾燥,無缺陷,無障礙物,良好,良好,無號誌,無號誌,中央分向島,寛式(50公分以上),車道線(無標記),快慢車道分隔線,無,車與車,同向擦撞,駕駛人,未保持行車安全間隔,死亡0;受傷1,1,機車,普通重型,女,19,戴安全帽或繫安全帶(使用幼童安全椅),未使用,車的狀態,向前直行中,機車,左側車身,機車,左側車身,駕駛人,未保持行車安全間隔,否,120.302483,22.637592
2022,1,20220115,4000,A2,高雄市政府警察局,高雄市三民區大中一路 / 高雄市三民區鼎中路,晴,夜間(或隧道、地下道、涵洞)有照明,市區道路,50,交岔路,三岔路,交叉路口,交叉口附近,柏油,乾燥,無缺陷,無障礙物,良好,良好,行車管制號誌(附設行人專用號誌),正常,雙向禁止超車線,無標記,車道線(無標記),未繪設快慢車道分隔線,無,汽(機)車本身,路上翻車、摔倒,駕駛人,未依規定減速,死亡0;受傷1,1,機車,普通重型,男,19,戴安全帽或繫安全帶(使用幼童安全椅),未使用,車的狀態,右轉彎,其他,不明,其他,不明,駕駛人,未依規定減速,否,120.3235,22.6764
2022,1,20220115,80100,A2,高雄市政府警察局,高雄市三民區大昌二路 / 高雄市三民區褒忠街,晴,日間自然光線,市區道路,50,交岔路,四岔路,交叉路口,交叉口附近,柏油,乾燥,無缺陷,無障礙物,良好,良好,行車管制號誌,正常,雙向禁止超車線,無標記,未繪設車道線,未繪設快慢車道分隔線,無,車與車,其他,駕駛人,未保持行車安全距離,死亡0;受傷2,1,小客車,自用,男,25,戴安全帽或繫安全帶(使用幼童安全椅),未使用,車的狀態,向前直行中,汽車,右前車頭(身),汽車,右前車頭(身),駕駛人,未保持行車安全距離,否,120.332176,22.642081
2022,1,20220115,82500,A2,高雄市政府警察局,高雄市三民區昌富街 / 高雄市三民區昌裕街,晴,日間自然光線,市區道路,50,交岔路,四岔路,交叉路口,交叉路口內,柏油,乾燥,路面鬆軟,無障礙物,良好,良好,無號誌,無號誌,雙向禁止超車線,無標記,未繪設車道線,未繪設快慢車道分隔線,有,車與車,其他,駕駛人,未依規定讓車,死亡0;受傷1,1,小客車,租賃車,男,29,戴安全帽或繫安全帶(使用幼童安全椅),未使用,車的狀態,左轉彎,汽車,左前車頭(身),汽車,左前車頭(身),駕駛人,未依規定讓車,否,120.33183,22.657057