發生年度,發生月份,發生日期,發生時間,事故類別名稱,處理單位名稱警局層,發生地點,天候名稱,光線名稱,道路類別-第1當事者-名稱,速限-第1當事者,道路型態大類別名稱,道路型態子類別名稱,事故位置大類別名稱,事故位置子類別名稱,路面狀況-路面鋪裝名稱,路面狀況-路面狀態名稱,路面狀況-路面缺陷名稱,道路障礙-障礙物名稱,道路障礙-視距品質名稱,道路障礙-視距名稱,號誌-號誌種類名稱,號誌-號誌動作名稱,車道劃分設施-分向設施大類別名稱,車道劃分設施-分向設施子類別名稱,車道劃分設施-分道設施-快車道或一般車道間名稱,車道劃分設施-分道設施-快慢車道間名稱,車道劃分設施-分道設施-路面邊線名稱,事故類型及型態大類別名稱,事故類型及型態子類別名稱,肇因研判大類別名稱-主要,肇因研判子類別名稱-主要,死亡受傷人數,當事者順位,當事者區分-類別-大類別名稱-車種,當事者區分-類別-子類別名稱-車種,當事者屬-性-別名稱,當事者事故發生時年齡,保護裝備名稱,行動電話或電腦或其他相類功能裝置名稱,當事者行動狀態大類別名稱,當事者行動狀態子類別名稱,車輛撞擊部位大類別名稱-最初,車輛撞擊部位子類別名稱-最初,車輛撞擊部位大類別名稱-其他,車輛撞擊部位子類別名稱-其他,肇因研判大類別名稱-個別,肇因研判子類別名稱-個別,肇事逃逸類別名稱-是否肇逃,經度,緯度
2022,7,20220707,152800,A2,高雄市政府警察局,高雄市三民區村中華二路 / 高雄市三民區通化街,晴,日間自然光線,市區道路,40,交岔路,四岔路,交叉路口,交叉路口內,柏油,乾燥,無缺陷,無障礙物,良好,良好,無號誌,無號誌,行車分向線,無標記,車道線(無標記),未繪設快慢車道分隔線,無,車與車,路口交岔撞,駕駛人,未依規定讓車,死亡0;受傷2,1,機車,普通重型,女,53,戴安全帽或繫安全帶(使用幼童安全椅),未使用,車的狀態,向前直行中,機車,前車頭,機車,前車頭,駕駛人,未依規定讓車,否,120.292724,22.640903
2022,7,20220707,152900,A2,高雄市政府警察局,高雄市三民區大順二路46巷8號前0.0公尺,晴,日間自然光線,市區道路,30,單路部分,直路,路段,一般車道(未劃分快慢車道),柏油,乾燥,無缺陷,無障礙物,良好,良好,無號誌,無號誌,無,無分向設施,未繪設車道線,未繪設快慢車道分隔線,無,車與車,倒車撞,駕駛人,倒車未依規定,死亡0;受傷1,1,小貨車(含客、貨兩用),自用,男,39,戴安全帽或繫安全帶(使用幼童安全椅),未使用,車的狀態,倒車,汽車,後車尾,汽車,後車尾,駕駛人,倒車未依規定,否,120.3283,22.64031
2022,7,20220707,162300,A2,高雄市政府警察局,高雄市三民區村熱河三街 / 高雄市三民區德旺街,晴,日間自然光線,市區道路,40,交岔路,四岔路,交叉路口,交叉路口內,柏油,乾燥,無缺陷,無障礙物,良好,良好,行車管制號誌,正常,雙向禁止超車線,無標記,未繪設車道線,未繪設快慢車道分隔線,有,車與車,側撞,駕駛人,未依規定讓車,死亡0;受傷1,1,機車,普通重型,女,71,戴安全帽或繫安全帶(使用幼童安全椅),未使用,車的狀態,左轉彎,機車,左側車身,機車,左側車身,駕駛人,未依規定讓車,否,120.289663,22.644973
2022,7,20220707,172000,A2,高雄市政府警察局,高雄市三民區村建國二路 / 高雄市三民區民族一巷,晴,日間自然光線,市區道路,40,交岔路,四岔路,交叉路口,交叉路口內,柏油,乾燥,無缺陷,無障礙物,良好,良好,行車管制號誌,正常,中央分向島,寛式(50公分以上),車道線(無標記),寛式快慢車道分隔島(50公分以上),有,車與車,側撞,駕駛人,違反號誌管制或指揮,死亡0;受傷2,1,機車,普通重型,女,38,戴安全帽或繫安全帶(使用幼童安全椅),未使用,車的狀態,向前直行中,機車,前車頭,機車,前車頭,駕駛人,違反號誌管制或指揮,否,120.30152,22.62716
2022,7,20220707,173800,A2,高雄市政府警察局,高雄市三民區建國一路 / 高雄市三民區民族一路,晴,日間自然光線,市區道路,50,交岔路,多岔路,交叉路口,交叉路口內,柏油,乾燥,無缺陷,無障礙物,良好,良好,行車管制號誌,正常,雙向禁止超車線,無標記,車道線(無標記),未繪設快慢車道分隔線,無,車與車,其他,駕駛人,未依規定讓車,死亡0;受傷2,1,小客車,自用,男,71,戴安全帽或繫安全帶(使用幼童安全椅),未使用,車的狀態,右轉彎,汽車,右前車頭(身),汽車,右前車頭(身),駕駛人,未依規定讓車,否,120.314,22.63718
2022,7,20220707,191400,A2,高雄市政府警察局,高雄市三民區明誠一路路燈本和085號前0.0公尺,晴,夜間(或隧道、地下道、涵洞)有照明,市區道路,50,單路部分,直路,路段,快車道,柏油,乾燥,無缺陷,無障礙物,良好,良好,行車管制號誌,正常,雙向禁止超車線,無標記,車道線(無標記),快慢車道分隔線,無,車與車,其他,駕駛人,變換車道或方向不當,死亡0;受傷1,1,機車,普通重型,女,22,戴安全帽或繫安全帶(使用幼童安全椅),未使用,車的狀態,向左變換車道,機車,右側車身,機車,右側車身,駕駛人,變換車道或方向不當,否,120.3275,22.65985
2022,7,20220707,192900,A2,高雄市政府警察局,高雄市三民區村鼎中路 / 高雄市三民區鼎中路,晴,日間自然光線,市區道路,30,交岔路,三岔路,交叉路口,交叉口附近,柏油,乾燥,無缺陷,無障礙物,良好,良好,無號誌,無號誌,雙向禁止超車線,無標記,車道線(無標記),快慢車道分隔線,無,車與車,側撞,駕駛人,左轉彎未依規定,死亡0;受傷1,1,小客車,自用,男,22,戴安全帽或繫安全帶(使用幼童安全椅),未使用,車的狀態,左轉彎,汽車,左前車頭(身),汽車,左前車頭(身),駕駛人,左轉彎未依規定,否,120.30152,22.62716
2022,7,20220707,202900,A2,高雄市政府警察局,高雄市三民區村十全三路前0.0公尺,晴,夜間(或隧道、地下道、涵洞)有照明,市區道路,50,單路部分,直路,路段,快車道,柏油,乾燥,無缺陷,無障礙物,良好,良好,無號誌,無號誌,雙向禁止超車線,無標記,車道線(無標記),快慢車道分隔線,無,車與車,側撞,駕駛人,起步未注意其他車(人)安全,死亡0;受傷1,1,小客車,自用,男,51,戴安全帽或繫安全帶(使用幼童安全椅),未使用,車的狀態,起步,汽車,左後車尾(身),汽車,左後車尾(身),駕駛人,起步未注意其他車(人)安全,否,120.289454,22.646257
2022,7,20220707,211800,A2,高雄市政府警察局,高雄市三民區九如一路 / 高雄市三民區大順二路,陰,夜間(或隧道、地下道、涵洞)有照明,市區道路,50,交岔路,多岔路,交叉路口,交叉路口內,柏油,乾燥,無缺陷,無障礙物,良好,良好,行車管制號誌,正常,無,無分向設施,未繪設車道線,未繪設快慢車道分隔線,無,車與車,側撞,駕駛人,未保持行車安全間隔,死亡0;受傷3,1,機車,普通重型,男,38,戴安全帽或繫安全帶(使用幼童安全椅),未使用,車的狀態,向前直行中,機車,右側車身,機車,右側車身,駕駛人,未保持行車安全間隔,否,120.328031,22.63907
2022,7,20220707,214300,A2,高雄市政府警察局,高雄市三民區鼎泰街 / 高雄市三民區寶鼎街,晴,夜間(或隧道、地下道、涵洞)有照明,市區道路,40,交岔路,三岔路,交叉路口,交叉口附近,柏油,乾燥,無缺陷,無障礙物,良好,良好,無號誌,無號誌,雙向禁止超車線,無標記,未繪設車道線,快慢車道分隔線,無,車與車,其他,駕駛人,未依規定讓車,死亡0;受傷3,1,機車,普通重型,男,46,戴安全帽或繫安全帶(使用幼童安全椅),未使用,車的狀態,左轉彎,機車,右側車身,機車,右側車身,駕駛人,未依規定讓車,否,120.3183,22.66428
2022,7,20220707,223600,A2,高雄市政府警察局,高雄市三民區村九如二路 / 高雄市三民區博愛一路,晴,夜間(或隧道、地下道、涵洞)有照明,市區道路,30,交岔路,四岔路,交叉路口,交叉路口內,柏油,乾燥,無缺陷,無障礙物,良好,良好,行車管制號誌,正常,無,無分向設施,未繪設車道線,未繪設快慢車道分隔線,無,車與車,側撞,駕駛人,右轉彎未依規定,死亡0;受傷1,1,小客車,自用,男,49,戴安全帽或繫安全帶(使用幼童安全椅),未使用,車的狀態,右轉彎,汽車,右前車頭(身),汽車,右前車頭(身),駕駛人,右轉彎未依規定,否,120.302336,22.641224
2022,7,20220707,231000,A2,高雄市政府警察局,高雄市三民區青年路2段625號前0.0公尺,陰,夜間(或隧道、地下道、涵洞)有照明,市區道路,40,單路部分,其他,路段,慢車道,柏油,乾燥,無缺陷,無障礙物,良好,良好,無號誌,無號誌,雙向禁止超車線,無標記,未繪設車道線,快慢車道分隔線,無,汽(機)車本身,路上翻車、摔倒,駕駛人,未注意車前狀態,死亡0;受傷1,1,機車,普通重型,女,23,戴安全帽或繫安全帶(使用幼童安全椅),未使用,車的狀態,向前直行中,機車,右側車身,機車,右側車身,駕駛人,未注意車前狀態,否,120.3476,22.64702
2022,7,20220708,14500,A2,高雄市政府警察局,高雄市三民區村六合路 / 高雄市三民區河北一路,晴,夜間(或隧道、地下道、涵洞)有照明,市區道路,40,交岔路,多岔路,交叉路口,交叉路口內,柏油,乾燥,無缺陷,無障礙物,良好,良好,閃光號誌,正常,無,無分向設施,未繪設車道線,未繪設快慢車道分隔線,無,車與車,路口交岔撞,駕駛人,未依規定讓車,死亡0;受傷1,1,機車,普通重型,女,50,戴安全帽或繫安全帶(使用幼童安全椅),未使用,車的狀態,向前直行中,機車,左側車身,機車,左側車身,駕駛人,未依規定讓車,否,120.319061,22.632731
2022,7,20220708,73500,A2,高雄市政府警察局,高雄市三民區水源路 / 高雄市三民區鐵道街,晴,日間自然光線,市區道路,30,交岔路,三岔路,交叉路口,交叉路口內,柏油,乾燥,無缺陷,無障礙物,良好,良好,無號誌,無號誌,無,無分向設施,未繪設車道線,未繪設快慢車道分隔線,有,車與車,路口交岔撞,駕駛人,未依規定讓車,死亡0;受傷2,1,機車,普通重型,男,25,戴安全帽或繫安全帶(使用幼童安全椅),未使用,車的狀態,向前直行中,機車,前車頭,機車,前車頭,駕駛人,未依規定讓車,否,120.30152,22.62716
2022,7,20220708,73500,A2,高雄市政府警察局,高雄市三民區村水源路90號前0.0公尺,晴,日間自然光線,市區道路,50,單路部分,直路,路段,一般車道(未劃分快慢車道),柏油,乾燥,無缺陷,無障礙物,良好,良好,無號誌,無號誌,行車分向線,無標記,未繪設車道線,未繪設快慢車道分隔線,無,車與車,同向擦撞,駕駛人,違規超車,死亡0;受傷1,1,小客車,自用,男,30,戴安全帽或繫安全帶(使用幼童安全椅),未使用,車的狀態,超車(含超越),汽車,右後車尾(身),汽車,右後車尾(身),駕駛人,違規超車,否,120.340347,22.63547
2022,7,20220708,82000,A2,高雄市政府警察局,高雄市三民區村九如一路156號前0.0公尺,晴,日間自然光線,市區道路,50,單路部分,直路,路段,慢車道,柏油,乾燥,無缺陷,無障礙物,良好,良好,行車管制號誌(附設行人專用號誌),正常,行車分向線,附標記,車道線(無標記),快慢車道分隔線,無,車與車,追撞,駕駛人,變換車道或方向不當,死亡0;受傷2,1,小客車,自用,男,59,戴安全帽或繫安全帶(使用幼童安全椅),未使用,車的狀態,向右變換車道,汽車,右前車頭(身),汽車,右前車頭(身),駕駛人,變換車道或方向不當,否,120.30152,22.62716
2022,7,20220708,83600,A2,高雄市政府警察局,高雄市三民區建國一路 / 高雄市三民區凱旋一路,晴,日間自然光線,市區道路,40,交岔路,四岔路,交叉路口,交叉路口內,柏油,乾燥,無缺陷,無障礙物,良好,良好,行車管制號誌,正常,雙向禁止超車線,無標記,未繪設車道線,快慢車道分隔線,無,車與車,其他,駕駛人,未注意車前狀態,死亡0;受傷1,1,機車,普通重型,男,52,戴安全帽或繫安全帶(使用幼童安全椅),未使用,車的狀態,急減速或急停止,其他,不明,其他,不明,駕駛人,未注意車前狀態,否,120.320108,22.633786
2022,7,20220708,83700,A2,高雄市政府警察局,高雄市三民區陽明路 / 高雄市三民區義華路,晴,日間自然光線,市區道路,40,交岔路,四岔路,交叉路口,交叉口附近,柏油,乾燥,無缺陷,無障礙物,良好,良好,行車管制號誌,正常,雙向禁止超車線,無標記,未繪設車道線,快慢車道分隔線,無,車與車,側撞,駕駛人,未依規定讓車,死亡0;受傷1,1,機車,普通重型,女,19,戴安全帽或繫安全帶(使用幼童安全椅),未使用,車的狀態,右轉彎,機車,右側車身,機車,右側車身,駕駛人,未依規定讓車,否,120.3422,22.64269
2022,7,20220708,94000,A2,高雄市政府警察局,高雄市三民區九如一路 / 高雄市三民區大順二路,晴,日間自然光線,市區道路,50,交岔路,多岔路,交叉路口,交叉口附近,柏油,乾燥,無缺陷,無障礙物,良好,良好,行車管制號誌,正常,中央分向島,寛式(50公分以上),車道線(無標記),未繪設快慢車道分隔線,無,車與車,側撞,駕駛人,未依規定讓車,死亡0;受傷1,1,小客車,自用,女,62,戴安全帽或繫安全帶(使用幼童安全椅),未使用,車的狀態,右轉彎,汽車,右側車身,汽車,右側車身,駕駛人,未依規定讓車,否,120.3282,22.63905
2022,7,20220708,101300,A2,高雄市政府警察局,高雄市三民區建工路 / 高雄市三民區建元路,晴,日間自然光線,市區道路,40,交岔路,三岔路,交叉路口,交叉路口內,柏油,乾燥,無缺陷,無障礙物,良好,良好,行車管制號誌,正常,雙向禁止超車線,無標記,車道線(無標記),未繪設快慢車道分隔線,無,人與汽(機)車,穿越道路中,駕駛人,搶越行人穿越道,死亡0;受傷1,1,小客車,自用,男,48,戴安全帽或繫安全帶(使用幼童安全椅),未使用,車的狀態,倒車,汽車,後車尾,汽車,後車尾,駕駛人,搶越行人穿越道,否,120.31759,22.64811
2022,7,20220708,102000,A2,高雄市政府警察局,高雄市三民區鐵道三街 / 高雄市三民區中庸街,晴,日間自然光線,市區道路,30,交岔路,四岔路,交叉路口,交叉路口內,柏油,乾燥,無缺陷,無障礙物,良好,良好,行車管制號誌,正常,雙向禁止超車線,無標記,未繪設車道線,未繪設快慢車道分隔線,無,車與車,其他,駕駛人,未注意車前狀態,死亡0;受傷1,1,機車,普通重型,男,33,戴安全帽或繫安全帶(使用幼童安全椅),未使用,車的狀態,向前直行中,其他,不明,其他,不明,駕駛人,未注意車前狀態,否,120.2887,22.6374
2022,7,20220708,123200,A2,高雄市政府警察局,高雄市三民區博愛一路 / 高雄市三民區同盟一路,晴,日間自然光線,市區道路,50,交岔路,四岔路,交叉路口,交叉路口內,柏油,乾燥,無缺陷,無障礙物,良好,良好,行車管制號誌(附設行人專用號誌),正常,無,無分向設施,未繪設車道線,未繪設快慢車道分隔線,無,車與車,側撞,駕駛人,未依規定讓車,死亡0;受傷1,1,小客車,自用,女,60,戴安全帽或繫安全帶(使用幼童安全椅),未使用,車的狀態,右轉彎,汽車,右前車頭(身),汽車,右前車頭(身),駕駛人,未依規定讓車,否,120.3041,22.6517
2022,7,20220708,133500,A2,高雄市政府警察局,高雄市三民區村哈爾濱街 / 高雄市三民區哈爾濱街,晴,日間自然光線,市區道路,30,交岔路,四岔路,交叉路口,交叉路口內,柏油,乾燥,無缺陷,無障礙物,良好,良好,無號誌,無號誌,雙向禁止超車線,無標記,未繪設車道線,未繪設快慢車道分隔線,無,車與車,路口交岔撞,駕駛人,未依規定減速,死亡0;受傷1,1,機車,普通重型,男,51,戴安全帽或繫安全帶(使用幼童安全椅),未使用,車的狀態,向前直行中,機車,前車頭,機車,前車頭,駕駛人,未依規定減速,否,120.29985,22.64436
2022,7,20220708,172900,A2,高雄市政府警察局,高雄市三民區大順二路 / 高雄市三民區建興路,晴,日間自然光線,市區道路,50,交岔路,四岔路,交叉路口,交叉路口內,柏油,乾燥,無缺陷,無障礙物,良好,良好,行車管制號誌,正常,無,無分向設施,未繪設車道線,未繪設快慢車道分隔線,無,車與車,同向擦撞,駕駛人,右轉彎未依規定,死亡0;受傷1,1,小客車,計程車,男,53,戴安全帽或繫安全帶(使用幼童安全椅),未使用,車的狀態,右轉彎,汽車,右前車頭(身),汽車,右前車頭(身),駕駛人,右轉彎未依規定,否,120.324066,22.649749
2022,7,20220708,194500,A2,高雄市政府警察局,高雄市三民區村站西路臨停區號前0.0公尺,晴,夜間(或隧道、地下道、涵洞)有照明,市區道路,30,單路部分,直路,路段,慢車道,柏油,乾燥,無缺陷,無障礙物,良好,良好,無號誌,無號誌,中央分向島,寛式(50公分以上),車道線(無標記),快慢車道分隔線,無,車與車,側撞,駕駛人,變換車道或方向不當,死亡0;受傷1,1,小客車,計程車,男,59,戴安全帽或繫安全帶(使用幼童安全椅),未使用,車的狀態,向右變換車道,汽車,右側車身,汽車,右側車身,駕駛人,變換車道或方向不當,否,120.301849,22.639669
2022,7,20220708,194800,A2,高雄市政府警察局,高雄市三民區九如一路 / 高雄市三民區陽明路,晴,夜間(或隧道、地下道、涵洞)有照明,市區道路,40,交岔路,三岔路,交叉路口,交叉路口內,柏油,乾燥,無缺陷,無障礙物,良好,良好,行車管制號誌,正常,無,無分向設施,未繪設車道線,未繪設快慢車道分隔線,無,車與車,其他,駕駛人,未注意車前狀態,死亡0;受傷1,1,機車,普通重型,女,40,戴安全帽或繫安全帶(使用幼童安全椅),未使用,車的狀態,向前直行中,其他,不明,其他,不明,駕駛人,未注意車前狀態,否,120.30152,22.62716
2022,7,20220709,80800,A2,高雄市政府警察局,高雄市三民區建工路 / 高雄市三民區建興路,晴,日間自然光線,市區道路,50,交岔路,四岔路,交叉路口,交叉路口內,柏油,乾燥,無缺陷,無障礙物,良好,良好,行車管制號誌,正常,雙向禁止超車線,無標記,車道線(無標記),未繪設快慢車道分隔線,有,車與車,追撞,駕駛人,未注意車前狀態,死亡0;受傷1,1,機車,普通重型,女,41,戴安全帽或繫安全帶(使用幼童安全椅),未使用,車的狀態,向前直行中,機車,前車頭,機車,前車頭,駕駛人,未注意車前狀態,否,120.30152,22.62716
2022,7,20220709,83000,A2,高雄市政府警察局,高雄市三民區村澄和路202號前0.0公尺,晴,日間自然光線,市區道路,40,單路部分,直路,路段,慢車道,柏油,乾燥,無缺陷,無障礙物,良好,良好,無號誌,無號誌,行車分向線,無標記,未繪設車道線,快慢車道分隔線,無,車與車,側撞,駕駛人,起步未注意其他車(人)安全,死亡0;受傷1,1,小客車,自用,女,22,戴安全帽或繫安全帶(使用幼童安全椅),未使用,車的狀態,起步,汽車,左前車頭(身),汽車,左前車頭(身),駕駛人,起步未注意其他車(人)安全,否,120.338866,22.64593
2022,7,20220709,84000,A2,高雄市政府警察局,高雄市三民區村鼎山街 / 高雄市三民區灣復街,晴,日間自然光線,市區道路,50,交岔路,三岔路,交叉路口,交叉路口內,柏油,乾燥,無缺陷,無障礙物,良好,良好,無號誌,無號誌,無,無分向設施,未繪設車道線,未繪設快慢車道分隔線,無,車與車,路口交岔撞,駕駛人,起步未注意其他車(人)安全,死亡0;受傷1,1,機車,普通重型,女,55,戴安全帽或繫安全帶(使用幼童安全椅),未使用,車的狀態,起步,機車,左側車身,機車,左側車身,駕駛人,起步未注意其他車(人)安全,否,120.317699,22.651826
2022,7,20220709,91400,A2,高雄市政府警察局,高雄市三民區建國二路 / 高雄市三民區民族一路,晴,日間自然光線,市區道路,50,交岔路,多岔路,交叉路口,交叉路口內,柏油,乾燥,無缺陷,無障礙物,良好,良好,行車管制號誌,正常,中央分向島,寛式(50公分以上),車道線(無標記),快慢車道分隔線,無,車與車,其他,其他,不明原因肇事,死亡0;受傷1,1,,,肇事逃逸尚未查獲,111,不明,不明,人的狀態,不明,其他,不明,其他,不明,其他,不明原因肇事,是,120.313993,22.636923
2022,7,20220709,114200,A2,高雄市政府警察局,高雄市三民區村明誠一路671號前0.0公尺前,晴,日間自然光線,市區道路,40,單路部分,直路,路段,慢車道,柏油,乾燥,無缺陷,無障礙物,良好,良好,無號誌,無號誌,雙向禁止超車線,無標記,車道線(無標記),快慢車道分隔線,無,車與車,側撞,其他,開啟車門不當而肇事,死亡0;受傷1,1,小客車,自用,女,39,戴安全帽或繫安全帶(使用幼童安全椅),未使用,車的狀態,等待(引擎未熄火),汽車,左側車身,汽車,左側車身,其他,開啟車門不當而肇事,否,120.3169,22.65976
2022,7,20220709,120000,A2,高雄市政府警察局,高雄市三民區村民族一路 / 高雄市三民區孝順街,晴,日間自然光線,市區道路,40,交岔路,四岔路,交叉路口,交叉路口內,柏油,乾燥,無缺陷,無障礙物,良好,良好,無號誌,無號誌,單向禁止超車線,無標記,車道線(無標記),未繪設快慢車道分隔線,無,車與車,側撞,駕駛人,右轉彎未依規定,死亡0;受傷1,1,小客車,自用,女,47,戴安全帽或繫安全帶(使用幼童安全椅),未使用,車的狀態,右轉彎,汽車,前車頭,汽車,前車頭,駕駛人,右轉彎未依規定,否,120.312634,22.641203
2022,7,20220709,125100,A2,高雄市政府警察局,高雄市三民區村九如二路538號前0.0公尺,晴,日間自然光線,市區道路,40,單路部分,直路,路段,快車道,柏油,乾燥,無缺陷,無障礙物,良好,良好,無號誌,無號誌,雙向禁止超車線,無標記,車道線(無標記),快慢車道分隔線,無,車與車,追撞,駕駛人,未注意車前狀態,死亡0;受傷1,1,機車,普通重型,男,25,戴安全帽或繫安全帶(使用幼童安全椅),未使用,車的狀態,向前直行中,機車,前車頭,機車,前車頭,駕駛人,未注意車前狀態,否,120.297172,22.641614
2022,7,20220709,131400,A2,高雄市政府警察局,高雄市三民區澄清路 / 高雄市三民區澄和路,陰,日間自然光線,市區道路,50,交岔路,四岔路,交叉路口,交叉路口內,柏油,乾燥,無缺陷,無障礙物,良好,良好,行車管制號誌,正常,無,無分向設施,未繪設車道線,未繪設快慢車道分隔線,無,車與車,側撞,駕駛人,未依規定讓車,死亡0;受傷1,1,小客車,自用,男,29,戴安全帽或繫安全帶(使用幼童安全椅),未使用,車的狀態,左轉彎,汽車,後車尾,汽車,後車尾,駕駛人,未依規定讓車,否,120.346264,22.644232
2022,7,20220709,134000,A2,高雄市政府警察局,高雄市三民區民族一路 / 高雄市三民區延慶街,晴,日間自然光線,市區道路,40,交岔路,三岔路,交叉路口,交叉路口內,柏油,乾燥,無缺陷,無障礙物,良好,良好,行車管制號誌,正常,中央分向島,窄式無柵欄,車道線(無標記),寛式快慢車道分隔島(50公分以上),有,車與車,同向擦撞,駕駛人,違反特定標誌(線)禁制,死亡0;受傷1,1,小客車,自用,女,48,戴安全帽或繫安全帶(使用幼童安全椅),未使用,車的狀態,右轉彎,汽車,右前車頭(身),汽車,右前車頭(身),駕駛人,違反特定標誌(線)禁制,否,120.30152,22.62716
2022,7,20220709,162200,A2,高雄市政府警察局,高雄市三民區民族一路 / 高雄市三民區民族巷,晴,日間自然光線,市區道路,40,交岔路,三岔路,交叉路口,交叉口附近,柏油,乾燥,無缺陷,無障礙物,良好,良好,無號誌,無號誌,中央分向島,寛式(50公分以上),未繪設車道線,未繪設快慢車道分隔線,無,車與車,追撞,駕駛人,未保持行車安全距離,死亡0;受傷1,1,機車,普通重型,男,52,戴安全帽或繫安全帶(使用幼童安全椅),未使用,車的狀態,向前直行中,機車,前車頭,機車,前車頭,駕駛人,未保持行車安全距離,否,120.314822,22.647009
2022,7,20220709,165000,A2,高雄市政府警察局,高雄市三民區村建國三路 / 高雄市三民區建國三路,晴,日間自然光線,市區道路,50,交岔路,四岔路,交叉路口,交叉路口內,柏油,乾燥,無缺陷,無障礙物,良好,良好,行車管制號誌,正常,無,無分向設施,未繪設車道線,未繪設快慢車道分隔線,無,車與車,側撞,駕駛人,迴轉未依規定,死亡0;受傷1,1,小客車,自用,女,47,戴安全帽或繫安全帶(使用幼童安全椅),未使用,車的狀態,迴轉或橫越道路中,汽車,左前車頭(身),汽車,左前車頭(身),駕駛人,迴轉未依規定,否,120.300036,22.637724
2022,7,20220709,175000,A2,高雄市政府警察局,高雄市三民區天祥一路 / 高雄市三民區鼎強街,晴,日間自然光線,市區道路,30,交岔路,四岔路,交叉路口,交叉路口內,柏油,乾燥,無缺陷,無障礙物,良好,良好,無號誌,無號誌,無,無分向設施,未繪設車道線,未繪設快慢車道分隔線,無,車與車,其他,駕駛人,未依規定讓車,死亡0;受傷2,1,機車,普通重型,女,76,戴安全帽或繫安全帶(使用幼童安全椅),未使用,車的狀態,向前直行中,機車,前車頭,機車,前車頭,駕駛人,未依規定讓車,否,120.3208,22.6683
2022,7,20220710,54200,A2,高雄市政府警察局,高雄市三民區村堯山街 / 高雄市三民區懷安街,晴,日間自然光線,市區道路,50,交岔路,四岔路,交叉路口,交叉路口內,柏油,乾燥,無缺陷,無障礙物,良好,良好,行車管制號誌,正常,中央分向島,寛式(50公分以上),未繪設車道線,未繪設快慢車道分隔線,有,車與車,其他,駕駛人,迴轉未依規定,死亡0;受傷1,1,小客車,自用,男,25,戴安全帽或繫安全帶(使用幼童安全椅),未使用,車的狀態,迴轉或橫越道路中,汽車,左側車身,汽車,左側車身,駕駛人,迴轉未依規定,否,120.30152,22.62716
2022,7,20220710,92800,A2,高雄市政府警察局,高雄市三民區民族一路 / 高雄市三民區大昌一路,晴,日間自然光線,市區道路,40,交岔路,三岔路,交叉路口,交叉口附近,柏油,乾燥,無缺陷,無障礙物,良好,良好,行車管制號誌,正常,中央分向島,寛式(50公分以上),未繪設車道線,寛式快慢車道分隔島(50公分以上),無,車與車,側撞,燈光,未依規定使用燈光,死亡0;受傷1,1,機車,普通重型,男,61,戴安全帽或繫安全帶(使用幼童安全椅),未使用,車的狀態,右轉彎,機車,右側車身,機車,右側車身,燈光,未依規定使用燈光,否,120.315865,22.658889
2022,7,20220710,93900,A2,高雄市政府警察局,高雄市三民區村鼎金後路 / 高雄市三民區鼎金後路,晴,日間自然光線,市區道路,50,交岔路,三岔路,交叉路口,交叉路口內,柏油,乾燥,無缺陷,無障礙物,良好,良好,無號誌,無號誌,行車分向線,無標記,未繪設車道線,未繪設快慢車道分隔線,有,車與車,其他,其他,開啟車門不當而肇事,死亡0;受傷1,1,小客車,自用,男,63,戴安全帽或繫安全帶(使用幼童安全椅),未使用,車的狀態,等待(引擎未熄火),汽車,右側車身,汽車,右側車身,其他,開啟車門不當而肇事,否,120.30152,22.62716
2022,7,20220710,105400,A2,高雄市政府警察局,高雄市三民區民族一路 / 高雄市三民區河北一路,晴,日間自然光線,市區道路,50,交岔路,四岔路,交叉路口,交叉路口內,柏油,乾燥,無缺陷,無障礙物,良好,良好,行車管制號誌,正常,中央分向島,寛式(50公分以上),車道線(無標記),未繪設快慢車道分隔線,無,車與車,其他,駕駛人,逆向行駛,死亡0;受傷2,1,機車,普通重型,男,37,戴安全帽或繫安全帶(使用幼童安全椅),未使用,車的狀態,向前直行中,機車,前車頭,機車,前車頭,駕駛人,逆向行駛,否,120.313099,22.636781
2022,7,20220710,110000,A2,高雄市政府警察局,高雄市三民區慶雲街 / 高雄市三民區延慶街,晴,日間自然光線,市區道路,50,交岔路,四岔路,交叉路口,交叉路口內,柏油,乾燥,無缺陷,無障礙物,良好,良好,行車管制號誌,正常,無,無分向設施,未繪設車道線,未繪設快慢車道分隔線,無,車與車,側撞,駕駛人,違反號誌管制或指揮,死亡0;受傷2,1,機車,普通輕型,男,69,戴安全帽或繫安全帶(使用幼童安全椅),未使用,車的狀態,左轉彎,機車,左側車身,機車,左側車身,駕駛人,違反號誌管制或指揮,否,120.315191,22.642751
2022,7,20220710,115900,A2,高雄市政府警察局,高雄市三民區村九如二路 / 高雄市三民區青島街,晴,日間自然光線,市區道路,50,交岔路,四岔路,交叉路口,交叉路口內,柏油,乾燥,無缺陷,無障礙物,良好,良好,行車管制號誌,正常,雙向禁止超車線,無標記,車道線(無標記),未繪設快慢車道分隔線,無,汽(機)車本身,路上翻車、摔倒,駕駛人,未依規定減速,死亡0;受傷1,1,機車,普通重型,女,28,戴安全帽或繫安全帶(使用幼童安全椅),未使用,車的狀態,右轉彎,其他,不明,其他,不明,駕駛人,未依規定減速,否,120.30152,22.62716