發生年度,發生月份,發生日期,發生時間,事故類別名稱,處理單位名稱警局層,發生地點,天候名稱,光線名稱,道路類別-第1當事者-名稱,速限-第1當事者,道路型態大類別名稱,道路型態子類別名稱,事故位置大類別名稱,事故位置子類別名稱,路面狀況-路面鋪裝名稱,路面狀況-路面狀態名稱,路面狀況-路面缺陷名稱,道路障礙-障礙物名稱,道路障礙-視距品質名稱,道路障礙-視距名稱,號誌-號誌種類名稱,號誌-號誌動作名稱,車道劃分設施-分向設施大類別名稱,車道劃分設施-分向設施子類別名稱,車道劃分設施-分道設施-快車道或一般車道間名稱,車道劃分設施-分道設施-快慢車道間名稱,車道劃分設施-分道設施-路面邊線名稱,事故類型及型態大類別名稱,事故類型及型態子類別名稱,肇因研判大類別名稱-主要,肇因研判子類別名稱-主要,死亡受傷人數,當事者順位,當事者區分-類別-大類別名稱-車種,當事者區分-類別-子類別名稱-車種,當事者屬-性-別名稱,當事者事故發生時年齡,保護裝備名稱,行動電話或電腦或其他相類功能裝置名稱,當事者行動狀態大類別名稱,當事者行動狀態子類別名稱,車輛撞擊部位大類別名稱-最初,車輛撞擊部位子類別名稱-最初,車輛撞擊部位大類別名稱-其他,車輛撞擊部位子類別名稱-其他,肇因研判大類別名稱-個別,肇因研判子類別名稱-個別,肇事逃逸類別名稱-是否肇逃,經度,緯度
2022,7,20220720,160500,A2,高雄市政府警察局,高雄市三民區村山東街 / 高雄市三民區大港街,晴,日間自然光線,市區道路,30,交岔路,四岔路,交叉路口,交叉路口內,柏油,乾燥,無缺陷,無障礙物,良好,良好,無號誌,無號誌,無,無分向設施,未繪設車道線,未繪設快慢車道分隔線,有,車與車,路口交岔撞,駕駛人,未依規定讓車,死亡0;受傷2,1,機車,普通重型,女,43,戴安全帽或繫安全帶(使用幼童安全椅),未使用,車的狀態,向前直行中,其他,不明,其他,不明,駕駛人,未依規定讓車,否,120.30152,22.62716
2022,7,20220720,173500,A2,高雄市政府警察局,高雄市三民區天祥二路 / 高雄市三民區河堤路,晴,日間自然光線,市區道路,50,交岔路,四岔路,交叉路口,交叉口附近,柏油,乾燥,無缺陷,無障礙物,良好,良好,行車管制號誌,正常,中央分向島,窄式無柵欄,車道線(無標記),快慢車道分隔線,無,車與車,追撞,駕駛人,右轉彎未依規定,死亡0;受傷1,1,小客車,自用,男,71,戴安全帽或繫安全帶(使用幼童安全椅),未使用,車的狀態,右轉彎,汽車,前車頭,汽車,前車頭,駕駛人,右轉彎未依規定,否,120.30152,22.62716
2022,7,20220720,174000,A2,高雄市政府警察局,高雄市三民區鼎強街81號前0.0公尺,晴,日間自然光線,市區道路,50,單路部分,直路,路段,快車道,柏油,乾燥,無缺陷,無障礙物,良好,良好,無號誌,無號誌,雙向禁止超車線,無標記,未繪設車道線,快慢車道分隔線,無,車與車,其他,駕駛人,未注意車前狀態,死亡0;受傷1,1,機車,普通重型,男,37,戴安全帽或繫安全帶(使用幼童安全椅),未使用,車的狀態,向前直行中,其他,不明,其他,不明,駕駛人,未注意車前狀態,否,120.3207,22.66468
2022,7,20220720,215000,A2,高雄市政府警察局,高雄市三民區村建國二路 / 高雄市三民區民族一路,晴,夜間(或隧道、地下道、涵洞)有照明,市區道路,40,交岔路,多岔路,交叉路口,交叉路口內,柏油,乾燥,無缺陷,無障礙物,良好,良好,行車管制號誌,正常,無,無分向設施,未繪設車道線,未繪設快慢車道分隔線,無,車與車,側撞,駕駛人,未保持行車安全間隔,死亡0;受傷2,1,機車,普通重型,男,18,戴安全帽或繫安全帶(使用幼童安全椅),未使用,車的狀態,右轉彎,機車,右側車身,機車,右側車身,駕駛人,未保持行車安全間隔,否,120.313729,22.637154
2022,7,20220721,1500,A2,高雄市政府警察局,高雄市三民區村建國一路411號前0.0公尺,陰,夜間(或隧道、地下道、涵洞)有照明,市區道路,40,單路部分,直路,路段,慢車道,柏油,乾燥,無缺陷,無障礙物,良好,良好,無號誌,無號誌,行車分向線,無標記,車道線(無標記),快慢車道分隔線,無,車與車,同向擦撞,駕駛人,未保持行車安全間隔,死亡0;受傷1,1,機車,普通重型,男,17,戴安全帽或繫安全帶(使用幼童安全椅),未使用,車的狀態,向前直行中,機車,前車頭,機車,前車頭,駕駛人,未保持行車安全間隔,否,120.317978,22.634196
2022,7,20220721,62900,A2,高雄市政府警察局,高雄市三民區九如一路 / 高雄市三民區大順二路,晴,日間自然光線,市區道路,40,交岔路,多岔路,交叉路口,交叉口附近,柏油,乾燥,無缺陷,無障礙物,良好,良好,行車管制號誌,正常,中央分向島,窄式無柵欄,車道線(無標記),快慢車道分隔線,無,車與車,其他,駕駛人,未依規定讓車,死亡0;受傷1,1,小貨車(含客、貨兩用),自用,男,41,戴安全帽或繫安全帶(使用幼童安全椅),未使用,車的狀態,右轉彎,汽車,右前車頭(身),汽車,右前車頭(身),駕駛人,未依規定讓車,否,120.3279,22.63961
2022,7,20220721,64400,A2,高雄市政府警察局,高雄市三民區大昌一路 / 高雄市三民區鼎山街,晴,日間自然光線,市區道路,40,交岔路,四岔路,交叉路口,交叉路口內,柏油,乾燥,無缺陷,無障礙物,良好,良好,行車管制號誌,正常,中央分向島,窄式無柵欄,車道線(無標記),快慢車道分隔線,無,車與車,同向擦撞,駕駛人,變換車道或方向不當,死亡0;受傷1,1,機車,普通重型,女,63,戴安全帽或繫安全帶(使用幼童安全椅),未使用,車的狀態,向左變換車道,機車,左側車身,機車,左側車身,駕駛人,變換車道或方向不當,否,120.30152,22.62716
2022,7,20220721,65200,A2,高雄市政府警察局,高雄市三民區大順二路 / 高雄市三民區鼎山街,晴,日間自然光線,市區道路,50,交岔路,四岔路,交叉路口,交叉路口內,柏油,乾燥,無缺陷,無障礙物,良好,良好,行車管制號誌,正常,無,無分向設施,未繪設車道線,未繪設快慢車道分隔線,無,車與車,追撞,駕駛人,左轉彎未依規定,死亡0;受傷1,1,機車,普通重型,男,23,戴安全帽或繫安全帶(使用幼童安全椅),未使用,車的狀態,左轉彎,機車,後車尾,機車,後車尾,駕駛人,左轉彎未依規定,否,120.318859,22.653515
2022,7,20220721,72400,A2,高雄市政府警察局,高雄市三民區村陽明路 / 高雄市三民區清華街,晴,日間自然光線,市區道路,30,交岔路,四岔路,交叉路口,交叉路口內,柏油,乾燥,無缺陷,無障礙物,良好,良好,無號誌,無號誌,無,無分向設施,未繪設車道線,未繪設快慢車道分隔線,無,車與車,路口交岔撞,駕駛人,未依規定讓車,死亡0;受傷2,1,機車,普通重型,女,45,戴安全帽或繫安全帶(使用幼童安全椅),未使用,車的狀態,向前直行中,機車,前車頭,機車,前車頭,駕駛人,未依規定讓車,否,120.342742,22.6413
2022,7,20220721,102600,A2,高雄市政府警察局,高雄市三民區村察哈爾一街 / 高雄市三民區吉林街,晴,日間自然光線,市區道路,40,交岔路,四岔路,交叉路口,交叉路口內,柏油,乾燥,無缺陷,無障礙物,良好,良好,行車管制號誌,正常,雙向禁止超車線,無標記,車道線(無標記),未繪設快慢車道分隔線,有,車與車,側撞,駕駛人,未依規定讓車,死亡0;受傷2,1,機車,普通重型,女,25,戴安全帽或繫安全帶(使用幼童安全椅),未使用,車的狀態,左轉彎,機車,左側車身,機車,左側車身,駕駛人,未依規定讓車,否,120.30152,22.62716
2022,7,20220721,102700,A2,高雄市政府警察局,高雄市三民區村禮明路 / 高雄市三民區覺民路,晴,日間自然光線,市區道路,40,交岔路,三岔路,交叉路口,交叉口附近,柏油,乾燥,無缺陷,無障礙物,良好,良好,行車管制號誌,正常,雙向禁止超車線,無標記,未繪設車道線,快慢車道分隔線,無,汽(機)車本身,路上翻車、摔倒,駕駛人,酒醉(後)駕駛失控,死亡0;受傷1,1,機車,普通重型,男,30,戴安全帽或繫安全帶(使用幼童安全椅),未使用,車的狀態,向前直行中,其他,不明,其他,不明,駕駛人,酒醉(後)駕駛失控,否,120.3241,22.64126
2022,7,20220721,111500,A2,高雄市政府警察局,高雄市三民區村鼎中路 / 高雄市三民區金鼎路,晴,日間自然光線,市區道路,40,交岔路,四岔路,交叉路口,交叉路口內,柏油,乾燥,無缺陷,無障礙物,良好,良好,行車管制號誌,正常,雙向禁止超車線,無標記,未繪設車道線,快慢車道分隔線,無,車與車,側撞,駕駛人,右轉彎未依規定,死亡0;受傷1,1,小客車,自用,女,59,戴安全帽或繫安全帶(使用幼童安全椅),未使用,車的狀態,右轉彎,汽車,右前車頭(身),汽車,右前車頭(身),駕駛人,右轉彎未依規定,否,120.319384,22.665073
2022,7,20220721,135900,A2,高雄市政府警察局,高雄市三民區站西路 / 高雄市三民區建國三路,晴,日間自然光線,市區道路,40,交岔路,四岔路,交叉路口,交叉路口內,柏油,乾燥,無缺陷,無障礙物,良好,良好,行車管制號誌,正常,雙向禁止超車線,無標記,車道線(無標記),未繪設快慢車道分隔線,無,車與車,路口交岔撞,駕駛人,違反號誌管制或指揮,死亡0;受傷1,1,機車,普通重型,女,22,戴安全帽或繫安全帶(使用幼童安全椅),未使用,車的狀態,向前直行中,其他,不明,其他,不明,駕駛人,違反號誌管制或指揮,否,120.30152,22.62716
2022,7,20220721,141500,A2,高雄市政府警察局,高雄市三民區自由一路 / 高雄市三民區綏遠一街,晴,日間自然光線,市區道路,50,交岔路,三岔路,交叉路口,交叉路口內,柏油,乾燥,無缺陷,無障礙物,良好,良好,無號誌,無號誌,雙向禁止超車線,無標記,車道線(無標記),未繪設快慢車道分隔線,無,車與車,路口交岔撞,駕駛人,起步未注意其他車(人)安全,死亡0;受傷3,1,機車,普通重型,女,27,戴安全帽或繫安全帶(使用幼童安全椅),未使用,車的狀態,起步,其他,不明,其他,不明,駕駛人,起步未注意其他車(人)安全,否,120.309,22.64842
2022,7,20220721,142600,A2,高雄市政府警察局,高雄市三民區同盟一路 / 高雄市三民區孝順街,晴,日間自然光線,市區道路,50,交岔路,多岔路,交叉路口,交叉路口內,柏油,乾燥,無缺陷,無障礙物,良好,良好,行車管制號誌,正常,無,無分向設施,未繪設車道線,未繪設快慢車道分隔線,無,車與車,其他,駕駛人,左轉彎未依規定,死亡0;受傷1,1,小客車,自用,男,51,戴安全帽或繫安全帶(使用幼童安全椅),未使用,車的狀態,左轉彎,汽車,左前車頭(身),汽車,左前車頭(身),駕駛人,左轉彎未依規定,否,120.3128,22.64608
2022,7,20220721,152200,A2,高雄市政府警察局,高雄市三民區村鼎山街 / 高雄市三民區鼎山街,晴,日間自然光線,市區道路,40,交岔路,四岔路,交叉路口,交叉路口內,柏油,乾燥,無缺陷,無障礙物,良好,良好,行車管制號誌,正常,中央分向島,窄式無柵欄,車道線(無標記),快慢車道分隔線,無,車與車,路口交岔撞,駕駛人,違反號誌管制或指揮,死亡0;受傷2,1,機車,普通重型,女,50,戴安全帽或繫安全帶(使用幼童安全椅),未使用,車的狀態,向前直行中,機車,前車頭,機車,前車頭,駕駛人,違反號誌管制或指揮,否,120.321793,22.661115
2022,7,20220721,155800,A2,高雄市政府警察局,高雄市三民區村大順二路 / 高雄市三民區覺民路,晴,日間自然光線,市區道路,40,交岔路,多岔路,交叉路口,交叉路口內,柏油,乾燥,無缺陷,無障礙物,良好,良好,行車管制號誌,正常,中央分向島,寛式(50公分以上),車道線(無標記),快慢車道分隔線,無,車與車,側撞,駕駛人,右轉彎未依規定,死亡0;受傷2,1,機車,普通重型,男,20,戴安全帽或繫安全帶(使用幼童安全椅),未使用,車的狀態,右轉彎,機車,右側車身,機車,右側車身,駕駛人,右轉彎未依規定,否,120.327136,22.641486
2022,7,20220721,161000,A2,高雄市政府警察局,高雄市三民區村吉林街 / 高雄市三民區撫順街,晴,日間自然光線,市區道路,40,交岔路,四岔路,交叉路口,交叉路口內,柏油,乾燥,無缺陷,無障礙物,良好,良好,無號誌,無號誌,行車分向線,無標記,車道線(無標記),快慢車道分隔線,無,車與車,路口交岔撞,駕駛人,未依規定讓車,死亡0;受傷1,1,小客車,自用,女,48,戴安全帽或繫安全帶(使用幼童安全椅),未使用,車的狀態,向前直行中,汽車,右前車頭(身),汽車,右前車頭(身),駕駛人,未依規定讓車,否,120.30601,22.64195
2022,7,20220721,161400,A2,高雄市政府警察局,高雄市三民區孝順街 / 高雄市三民區遼寧一街,晴,日間自然光線,市區道路,50,交岔路,四岔路,交叉路口,交叉路口內,柏油,乾燥,無缺陷,無障礙物,良好,良好,無號誌,無號誌,雙向禁止超車線,無標記,未繪設車道線,未繪設快慢車道分隔線,無,車與車,路口交岔撞,駕駛人,未依規定讓車,死亡0;受傷2,1,小客車,自用,男,31,戴安全帽或繫安全帶(使用幼童安全椅),未使用,車的狀態,向前直行中,汽車,左側車身,汽車,左側車身,駕駛人,未依規定讓車,否,120.3125,22.6422
2022,7,20220721,181500,A2,高雄市政府警察局,高雄市三民區村博愛一路 / 高雄市三民區察哈爾一街,晴,日間自然光線,市區道路,40,交岔路,四岔路,交叉路口,交叉路口內,柏油,乾燥,無缺陷,無障礙物,良好,良好,行車管制號誌,正常,行車分向線,無標記,車道線(無標記),快慢車道分隔線,無,車與車,同向擦撞,駕駛人,未保持行車安全距離,死亡0;受傷1,1,機車,普通重型,男,28,戴安全帽或繫安全帶(使用幼童安全椅),未使用,車的狀態,向前直行中,機車,前車頭,機車,前車頭,駕駛人,未保持行車安全距離,否,120.30344,22.64782
2022,7,20220721,181900,A2,高雄市政府警察局,高雄市三民區正忠路 / 高雄市三民區建興路,晴,日間自然光線,市區道路,40,交岔路,四岔路,交叉路口,交叉路口內,柏油,乾燥,無缺陷,無障礙物,良好,良好,行車管制號誌,正常,雙向禁止超車線,無標記,未繪設車道線,快慢車道分隔線,無,車與車,側撞,駕駛人,未依規定讓車,死亡0;受傷1,1,機車,普通重型,女,23,戴安全帽或繫安全帶(使用幼童安全椅),未使用,車的狀態,左轉彎,機車,左側車身,機車,左側車身,駕駛人,未依規定讓車,否,120.33024,22.64208
2022,7,20220721,194000,A2,高雄市政府警察局,高雄市三民區明誠一路 / 高雄市三民區鼎泰街,晴,夜間(或隧道、地下道、涵洞)有照明,市區道路,50,交岔路,三岔路,交叉路口,交叉路口內,柏油,乾燥,無缺陷,無障礙物,良好,良好,行車管制號誌,正常,雙向禁止超車線,無標記,車道線(無標記),快慢車道分隔線,有,車與車,同向擦撞,駕駛人,未依規定讓車,死亡0;受傷2,1,機車,普通重型,男,49,戴安全帽或繫安全帶(使用幼童安全椅),未使用,車的狀態,右轉彎,機車,後車尾,機車,後車尾,駕駛人,未依規定讓車,否,120.30152,22.62716
2022,7,20220722,81600,A2,高雄市政府警察局,高雄市三民區村金鼎路136號前0.0公尺,晴,日間自然光線,市區道路,50,單路部分,直路,路段,快車道,柏油,乾燥,無缺陷,無障礙物,良好,良好,無號誌,無號誌,行車分向線,無標記,車道線(無標記),未繪設快慢車道分隔線,無,車與車,同向擦撞,駕駛人,變換車道或方向不當,死亡0;受傷1,1,機車,普通重型,女,34,戴安全帽或繫安全帶(使用幼童安全椅),未使用,車的狀態,向左變換車道,機車,左側車身,機車,左側車身,駕駛人,變換車道或方向不當,否,120.326961,22.663425
2022,7,20220722,82100,A2,高雄市政府警察局,高雄市三民區村陽明路 / 高雄市三民區陽明路,晴,日間自然光線,市區道路,30,交岔路,四岔路,交叉路口,交叉口附近,柏油,乾燥,無缺陷,無障礙物,良好,良好,無號誌,無號誌,無,無分向設施,未繪設車道線,未繪設快慢車道分隔線,無,車與車,路口交岔撞,駕駛人,未依規定讓車,死亡0;受傷1,1,機車,普通重型,女,36,戴安全帽或繫安全帶(使用幼童安全椅),未使用,車的狀態,向前直行中,機車,右側車身,機車,右側車身,駕駛人,未依規定讓車,否,120.3417,22.64762
2022,7,20220722,85700,A2,高雄市政府警察局,高雄市三民區北安街 / 高雄市三民區大連街,晴,日間自然光線,市區道路,50,交岔路,四岔路,交叉路口,交叉路口內,柏油,乾燥,無缺陷,無障礙物,良好,良好,無號誌,無號誌,雙向禁止超車線,無標記,未繪設車道線,未繪設快慢車道分隔線,無,車與車,路口交岔撞,駕駛人,未依規定讓車,死亡0;受傷1,1,小客車,自用,女,35,戴安全帽或繫安全帶(使用幼童安全椅),未使用,車的狀態,向前直行中,汽車,前車頭,汽車,前車頭,駕駛人,未依規定讓車,否,120.3056,22.6508
2022,7,20220722,93911,A2,國道公路警察局,高雄市三民區國道1號 366公里100.0公尺處南側向中線,晴,日間自然光線,國道,90,單路部分,直路,路段,快車道,柏油,乾燥,無缺陷,無障礙物,良好,良好,無號誌,無號誌,中央分向島,寛式(50公分以上),車道線(附標記),未繪設快慢車道分隔線,有,車與車,追撞,駕駛人,未保持行車安全距離,死亡0;受傷1,1,半聯結車,營業用,女,31,戴安全帽或繫安全帶(使用幼童安全椅),未使用,車的狀態,急減速或急停止,汽車,前車頭,,,駕駛人,未保持行車安全距離,否,120.336955,22.642598
2022,7,20220722,111000,A2,高雄市政府警察局,高雄市三民區村九如一路.號前0.0公尺,晴,日間自然光線,市區道路,40,單路部分,直路,路段,慢車道,柏油,乾燥,無缺陷,無障礙物,良好,良好,無號誌,無號誌,行車分向線,附標記,車道線(附標記),快慢車道分隔線,無,車與車,追撞,駕駛人,未注意車前狀態,死亡0;受傷1,1,機車,普通重型,男,43,戴安全帽或繫安全帶(使用幼童安全椅),未使用,車的狀態,向前直行中,機車,前車頭,機車,前車頭,駕駛人,未注意車前狀態,否,120.30152,22.62716
2022,7,20220722,113900,A2,高雄市政府警察局,高雄市三民區山東街67號前0.0公尺前,晴,日間自然光線,市區道路,50,單路部分,直路,路段,快車道,柏油,乾燥,無缺陷,無障礙物,良好,良好,無號誌,無號誌,無,無分向設施,未繪設車道線,快慢車道分隔線,無,車與車,其他,駕駛人,起步未注意其他車(人)安全,死亡0;受傷1,1,小客車,計程車,男,45,戴安全帽或繫安全帶(使用幼童安全椅),未使用,車的狀態,起步,汽車,左前車頭(身),汽車,左前車頭(身),駕駛人,起步未注意其他車(人)安全,否,120.3116,22.64251
2022,7,20220722,115700,A2,高雄市政府警察局,高雄市三民區自由一路 / 高雄市三民區綏遠一街,晴,日間自然光線,市區道路,50,交岔路,三岔路,交叉路口,交叉路口內,柏油,乾燥,無缺陷,無障礙物,良好,良好,無號誌,無號誌,雙向禁止超車線,無標記,車道線(無標記),未繪設快慢車道分隔線,無,車與車,其他,其他,不明原因肇事,死亡0;受傷1,1,機車,普通重型,女,68,不明,不明,人的狀態,不明,其他,不明,其他,不明,其他,不明原因肇事,是,120.3092,22.64849
2022,7,20220722,140800,A2,高雄市政府警察局,高雄市三民區鼎力路 / 高雄市三民區鼎力路,晴,日間自然光線,市區道路,30,交岔路,三岔路,交叉路口,交叉路口內,柏油,乾燥,無缺陷,無障礙物,良好,良好,無號誌,無號誌,中央分向島,窄式無柵欄,車道線(無標記),快慢車道分隔線,無,車與車,路口交岔撞,駕駛人,未依規定減速,死亡0;受傷1,1,機車,普通輕型,男,57,戴安全帽或繫安全帶(使用幼童安全椅),未使用,車的狀態,向前直行中,機車,前車頭,機車,前車頭,駕駛人,未依規定減速,否,120.30152,22.62716
2022,7,20220722,165000,A2,高雄市政府警察局,高雄市三民區新民路 / 高雄市三民區立忠路,陰,日間自然光線,市區道路,30,交岔路,三岔路,交叉路口,交叉路口內,水泥,乾燥,無缺陷,無障礙物,良好,良好,無號誌,無號誌,無,無分向設施,未繪設車道線,未繪設快慢車道分隔線,無,車與車,其他,駕駛人,未依規定讓車,死亡0;受傷2,1,機車,普通重型,女,62,戴安全帽或繫安全帶(使用幼童安全椅),未使用,車的狀態,左轉彎,機車,前車頭,機車,前車頭,駕駛人,未依規定讓車,否,120.324,22.65302
2022,7,20220722,174400,A2,高雄市政府警察局,高雄市三民區村九如二路268號前0.0公尺,晴,日間自然光線,市區道路,40,單路部分,直路,路段,一般車道(未劃分快慢車道),柏油,乾燥,無缺陷,無障礙物,良好,良好,行車管制號誌,正常,行車分向線,無標記,車道線(無標記),快慢車道分隔線,無,車與車,同向擦撞,駕駛人,左轉彎未依規定,死亡0;受傷1,1,機車,普通重型,男,41,戴安全帽或繫安全帶(使用幼童安全椅),未使用,車的狀態,左轉彎,機車,左側車身,機車,左側車身,駕駛人,左轉彎未依規定,否,120.30488,22.641065
2022,7,20220723,73400,A2,高雄市政府警察局,高雄市三民區村民族一路 / 高雄市三民區民族一路,晴,日間自然光線,市區道路,40,交岔路,三岔路,交叉路口,交叉口附近,柏油,乾燥,無缺陷,無障礙物,良好,良好,無號誌,無號誌,中央分向島,窄式無柵欄,未繪設車道線,窄式快慢車道分隔島(無柵欄),無,車與車,其他,駕駛人,未保持行車安全距離,死亡0;受傷1,1,機車,普通重型,女,23,戴安全帽或繫安全帶(使用幼童安全椅),未使用,車的狀態,向前直行中,機車,右側車身,機車,右側車身,駕駛人,未保持行車安全距離,否,120.3153,22.65199
2022,7,20220723,80200,A2,高雄市政府警察局,高雄市三民區村昌裕街前0.0公尺,晴,日間自然光線,市區道路,40,單路部分,直路,路段,慢車道,柏油,乾燥,無缺陷,無障礙物,良好,良好,無號誌,無號誌,行車分向線,附標記,車道線(附標記),快慢車道分隔線,無,車與車,側撞,駕駛人,未依規定讓車,死亡0;受傷1,1,小客車,自用,男,22,戴安全帽或繫安全帶(使用幼童安全椅),未使用,車的狀態,左轉彎,汽車,左前車頭(身),汽車,左前車頭(身),駕駛人,未依規定讓車,否,120.33105,22.657028
2022,7,20220723,100200,A2,高雄市政府警察局,高雄市三民區村民族一路 / 高雄市三民區民族一路,晴,日間自然光線,市區道路,40,交岔路,三岔路,交叉路口,交叉口附近,柏油,乾燥,無缺陷,無障礙物,良好,良好,行車管制號誌,正常,中央分向島,窄式無柵欄,未繪設車道線,窄式快慢車道分隔島(無柵欄),無,車與車,其他,駕駛人,右轉彎未依規定,死亡0;受傷1,1,小客車,自用,男,22,戴安全帽或繫安全帶(使用幼童安全椅),未使用,車的狀態,右轉彎,汽車,右前車頭(身),汽車,右前車頭(身),駕駛人,右轉彎未依規定,否,120.3164,22.66513
2022,7,20220723,101200,A2,高雄市政府警察局,高雄市三民區保生街 / 高雄市三民區無名路,晴,日間自然光線,市區道路,30,交岔路,四岔路,交叉路口,交叉路口內,柏油,乾燥,無缺陷,無障礙物,良好,良好,無號誌,無號誌,無,無分向設施,未繪設車道線,未繪設快慢車道分隔線,無,車與車,路口交岔撞,駕駛人,未依規定減速,死亡0;受傷2,1,機車,普通重型,女,21,戴安全帽或繫安全帶(使用幼童安全椅),未使用,車的狀態,向前直行中,機車,前車頭,機車,前車頭,駕駛人,未依規定減速,否,120.317356,22.65418
2022,7,20220723,113400,A2,高雄市政府警察局,高雄市三民區村鼎山街 / 高雄市三民區鼎山街,晴,日間自然光線,市區道路,50,交岔路,三岔路,交叉路口,交叉口附近,柏油,乾燥,無缺陷,無障礙物,良好,良好,無號誌,無號誌,中央分向島,窄式無柵欄,車道線(無標記),快慢車道分隔線,無,車與車,其他,駕駛人,起步未注意其他車(人)安全,死亡0;受傷1,1,機車,普通重型,女,55,戴安全帽或繫安全帶(使用幼童安全椅),未使用,車的狀態,起步,機車,左側車身,機車,左側車身,駕駛人,起步未注意其他車(人)安全,否,120.3192,22.65399
2022,7,20220723,114800,A2,高雄市政府警察局,高雄市三民區村自由一路 / 高雄市三民區熱河一街,晴,日間自然光線,市區道路,40,交岔路,四岔路,交叉路口,交叉路口內,柏油,乾燥,無缺陷,無障礙物,良好,良好,行車管制號誌,正常,行車分向線,無標記,禁止變換車道線(附標記),快慢車道分隔線,無,車與車,側撞,駕駛人,未注意車前狀態,死亡0;受傷1,1,小客車,自用,男,49,戴安全帽或繫安全帶(使用幼童安全椅),未使用,車的狀態,向前直行中,汽車,前車頭,汽車,前車頭,駕駛人,未注意車前狀態,否,120.308699,22.643539
2022,7,20220723,123000,A2,高雄市政府警察局,高雄市三民區村民族一路 / 高雄市三民區熱河一街,晴,日間自然光線,市區道路,50,交岔路,三岔路,交叉路口,交叉路口內,柏油,乾燥,無缺陷,無障礙物,良好,良好,行車管制號誌,正常,中央分向島,寛式(50公分以上),車道線(無標記),寛式快慢車道分隔島(50公分以上),無,車與車,側撞,駕駛人,左轉彎未依規定,死亡0;受傷1,1,小客車,自用,男,26,戴安全帽或繫安全帶(使用幼童安全椅),未使用,車的狀態,左轉彎,汽車,左前車頭(身),汽車,左前車頭(身),駕駛人,左轉彎未依規定,否,120.30152,22.62716
2022,7,20220723,135000,A2,高雄市政府警察局,高雄市三民區村自立一路 / 高雄市三民區漢中街,晴,日間自然光線,市區道路,40,交岔路,三岔路,交叉路口,交叉口附近,柏油,乾燥,無缺陷,無障礙物,良好,良好,無號誌,無號誌,單向禁止超車線,無標記,車道線(無標記),未繪設快慢車道分隔線,無,車與車,側撞,駕駛人,迴轉未依規定,死亡0;受傷1,1,小客車,自用,女,58,戴安全帽或繫安全帶(使用幼童安全椅),未使用,車的狀態,迴轉或橫越道路中,汽車,左側車身,汽車,左側車身,駕駛人,迴轉未依規定,否,120.296619,22.647032
2022,7,20220723,145500,A2,高雄市政府警察局,高雄市三民區天祥二路50號前0.0公尺,晴,日間自然光線,市區道路,40,單路部分,直路,路段,慢車道,柏油,乾燥,無缺陷,無障礙物,良好,良好,無號誌,無號誌,中央分向島,窄式無柵欄,車道線(無標記),快慢車道分隔線,有,車與車,其他,駕駛人,未注意車前狀態,死亡0;受傷1,1,機車,普通重型,女,49,戴安全帽或繫安全帶(使用幼童安全椅),未使用,車的狀態,向前直行中,機車,前車頭,機車,前車頭,駕駛人,未注意車前狀態,否,120.30152,22.62716
2022,7,20220723,153000,A2,高雄市政府警察局,高雄市三民區鼎金後路36巷27號前0.0公尺,晴,日間自然光線,市區道路,40,單路部分,直路,路段,慢車道,柏油,乾燥,無缺陷,無障礙物,良好,良好,無號誌,無號誌,雙向禁止超車線,無標記,車道線(無標記),快慢車道分隔線,無,車與車,其他,駕駛人,未保持行車安全距離,死亡0;受傷1,1,機車,普通重型,男,68,戴安全帽或繫安全帶(使用幼童安全椅),未使用,車的狀態,向前直行中,其他,不明,其他,不明,駕駛人,未保持行車安全距離,否,120.30152,22.62716
2022,7,20220723,154500,A2,高雄市政府警察局,高雄市三民區大豐一路 / 高雄市三民區昌裕街,晴,日間自然光線,市區道路,40,交岔路,四岔路,交叉路口,交叉路口內,柏油,乾燥,無缺陷,無障礙物,良好,良好,行車管制號誌,正常,雙向禁止超車線,無標記,未繪設車道線,快慢車道分隔線,有,車與車,側撞,駕駛人,違反號誌管制或指揮,死亡0;受傷2,1,機車,普通重型,女,44,戴安全帽或繫安全帶(使用幼童安全椅),未使用,車的狀態,左轉彎,機車,後車尾,機車,後車尾,駕駛人,違反號誌管制或指揮,否,120.3219,22.65939
2022,7,20220723,161000,A2,高雄市政府警察局,高雄市三民區村九如二路 / 高雄市三民區站西路,晴,日間自然光線,市區道路,30,交岔路,四岔路,交叉路口,交叉路口內,柏油,乾燥,無缺陷,無障礙物,良好,良好,行車管制號誌,正常,無,無分向設施,未繪設車道線,未繪設快慢車道分隔線,無,車與車,同向擦撞,駕駛人,未依規定讓車,死亡0;受傷1,1,機車,普通重型,男,29,戴安全帽或繫安全帶(使用幼童安全椅),未使用,車的狀態,右轉彎,機車,右側車身,機車,右側車身,駕駛人,未依規定讓車,否,120.302508,22.641245
2022,7,20220723,184800,A2,高雄市政府警察局,高雄市三民區村自由一路安東312燈桿號前0.0公尺,晴,夜間(或隧道、地下道、涵洞)有照明,市區道路,50,單路部分,直路,路段,一般車道(未劃分快慢車道),柏油,乾燥,無缺陷,無障礙物,良好,良好,行車管制號誌(附設行人專用號誌),正常,雙向禁止超車線,附標記,車道線(無標記),未繪設快慢車道分隔線,無,車與車,追撞,駕駛人,未保持行車安全距離,死亡0;受傷3,1,機車,普通重型,男,42,戴安全帽或繫安全帶(使用幼童安全椅),未使用,車的狀態,向前直行中,機車,前車頭,機車,前車頭,駕駛人,未保持行車安全距離,否,120.309003,22.648379